2026-05-18 14:38:16,618 INFO: 
Version Information: 
	PyTorch: 2.10.0+cu128
	TorchVision: 0.25.0+cu128
2026-05-18 14:38:16,619 INFO: 
  datasets:[
    train:[
      batch_size_per_gpu: 2
      dataroot_gt: /kaggle/input/datasets/francescoardolino/uhd-ll-dataset/training_set/gt
      dataroot_lq: /kaggle/input/datasets/francescoardolino/uhd-ll-dataset/training_set/input
      dataset_enlarge_ratio: 1
      geometric_augs: True
      gt_size: 512
      io_backend:[
        type: disk
      ]
      name: General_Image_Train
      num_prefetch_queue: 4
      num_worker_per_gpu: 4
      prefetch_mode: cpu
      type: PairedImageDataset
      use_flip: False
      use_resize_crop: False
      use_rot: False
      use_shuffle: True
      phase: train
      scale: 1
    ]
    val:[
      dataroot_gt: /kaggle/input/datasets/francescoardolino/uhd-ll-dataset/testing_set/gt
      dataroot_lq: /kaggle/input/datasets/francescoardolino/uhd-ll-dataset/testing_set/input
      geometric_augs: False
      gt_size: 512
      io_backend:[
        type: disk
      ]
      name: General_Image_Valid
      type: PairedImageDataset
      use_flip: False
      use_resize_crop: False
      use_rot: False
      phase: val
      scale: 1
    ]
  ]
  dist_params:[
    backend: nccl
    port: 16500
  ]
  find_unused_parameters: True
  logger:[
    print_freq: 100
    save_checkpoint_freq: 5000.0
    save_latest_freq: 1000.0
    show_tf_imgs_freq: 5000.0
    use_tb_logger: True
  ]
  manual_seed: 0
  model_type: FeMaSRModel
  name: FcaDreamUHD_Stage2
  network_d:[
    num_in_ch: 3
    type: UNetDiscriminatorSN
  ]
  network_g:[
    config: /kaggle/working/FcaDreamuhd/options/VAE_LL.yml
    dim: 16
    dwt_dim: 3
    ffn_scale: 2.0
    n_blocks: 8
    num_heads: 3
    out_dim: 64
    param_key: params_ema
    sample: True
    type: DreamUHD
    upscaling_factor: 8
    vae_weight: /kaggle/input/datasets/francescoardolino/experiments/experiments/VAE_LL/models/net_g_45000.pth
  ]
  num_gpu: 2
  path:[
    experiments_root: /kaggle/working/FcaDreamuhd/experiments/FcaDreamUHD_Stage2
    log: /kaggle/working/FcaDreamuhd/experiments/FcaDreamUHD_Stage2
    models: /kaggle/working/FcaDreamuhd/experiments/FcaDreamUHD_Stage2/models
    pretrain_network_d: None
    pretrain_network_g: None
    pretrain_network_hq: None
    resume_state: None
    strict_load: False
    training_states: /kaggle/working/FcaDreamuhd/experiments/FcaDreamUHD_Stage2/training_states
    visualization: /kaggle/working/FcaDreamuhd/experiments/FcaDreamUHD_Stage2/visualization
  ]
  scale: 1
  train:[
    codebook_opt:[
      loss_weight: 0
    ]
    fft_opt:[
      loss_weight: 0.1
      type: FFTLoss
    ]
    gan_opt:[
      fake_label_val: 0.0
      gan_type: hinge
      loss_weight: 0
      real_label_val: 1.0
      type: GANLoss
    ]
    net_d_init_iters: 0.0
    net_d_iters: 0
    optim_g:[
      betas: [0.9, 0.99]
      lr: 0.0008
      type: AdamW
      weight_decay: 0.001
    ]
    perceptual_opt:[
      loss_weight: 0.0
      type: LPIPSLoss
    ]
    pixel_opt:[
      loss_weight: 1.0
      reduction: mean
      type: L1Loss
    ]
    pixel_ssim_opt:[
      loss_weight: 0.25
    ]
    scheduler:[
      eta_mins: [0.0008, 1e-07]
      periods: [2000, 120000]
      restart_weights: [1, 1]
      type: CosineAnnealingRestartCyclicLR
    ]
    semantic_opt:[
      loss_weight: 0
    ]
    total_iter: 61000
    warmup_iter: -1
  ]
  val:[
    key_metric: ssim
    metrics:[
      psnr:[
        crop_border: 4
        test_y_channel: True
        type: psnr
      ]
      ssim:[
        crop_border: 4
        test_y_channel: True
        type: ssim
      ]
    ]
    save_img: False
    val_freq: 3000.0
  ]
  dist: True
  rank: 0
  world_size: 2
  auto_resume: True
  is_train: True
  root_path: /kaggle/working/FcaDreamuhd

2026-05-18 14:39:23,541 INFO: Dataset [PairedImageDataset] - General_Image_Train is built.
2026-05-18 14:39:23,542 INFO: Use cpu prefetch dataloader: num_prefetch_queue = 4
2026-05-18 14:39:23,542 INFO: Training statistics:
	Number of train images: 2000
	Dataset enlarge ratio: 1
	Batch size per gpu: 2
	World size (gpu number): 2
	Require iter number per epoch: 500
	Total epochs: 122; iters: 61000.
2026-05-18 14:39:29,755 INFO: Dataset [PairedImageDataset] - General_Image_Valid is built.
2026-05-18 14:39:29,756 INFO: Number of val images/folders in General_Image_Valid: 150
2026-05-18 14:39:33,884 INFO: Network [DreamUHD] is created.
2026-05-18 14:39:34,850 INFO: Loss [L1Loss] is created.
2026-05-18 14:39:34,851 INFO: Loss [FFTLoss] is created.
2026-05-18 14:39:34,851 WARNING: Params module.vae.encoder.conv_in.weight will not be optimized.
2026-05-18 14:39:34,851 WARNING: Params module.vae.encoder.conv_in.bias will not be optimized.
2026-05-18 14:39:34,852 WARNING: Params module.vae.encoder.down.0.block.0.norm1.weight will not be optimized.
2026-05-18 14:39:34,852 WARNING: Params module.vae.encoder.down.0.block.0.norm1.bias will not be optimized.
2026-05-18 14:39:34,852 WARNING: Params module.vae.encoder.down.0.block.0.splitconv1.weight will not be optimized.
2026-05-18 14:39:34,852 WARNING: Params module.vae.encoder.down.0.block.0.splitconv1.bias will not be optimized.
2026-05-18 14:39:34,853 WARNING: Params module.vae.encoder.down.0.block.0.splitconv2.weight will not be optimized.
2026-05-18 14:39:34,853 WARNING: Params module.vae.encoder.down.0.block.0.splitconv2.bias will not be optimized.
2026-05-18 14:39:34,853 WARNING: Params module.vae.encoder.down.0.block.0.conv1.depthwise.weight will not be optimized.
2026-05-18 14:39:34,853 WARNING: Params module.vae.encoder.down.0.block.0.conv1.depthwise.bias will not be optimized.
2026-05-18 14:39:34,853 WARNING: Params module.vae.encoder.down.0.block.0.conv1.pointwise.weight will not be optimized.
2026-05-18 14:39:34,853 WARNING: Params module.vae.encoder.down.0.block.0.conv1.pointwise.bias will not be optimized.
2026-05-18 14:39:34,853 WARNING: Params module.vae.encoder.down.0.block.0.norm2.weight will not be optimized.
2026-05-18 14:39:34,853 WARNING: Params module.vae.encoder.down.0.block.0.norm2.bias will not be optimized.
2026-05-18 14:39:34,853 WARNING: Params module.vae.encoder.down.0.block.0.conv2.depthwise.weight will not be optimized.
2026-05-18 14:39:34,853 WARNING: Params module.vae.encoder.down.0.block.0.conv2.depthwise.bias will not be optimized.
2026-05-18 14:39:34,854 WARNING: Params module.vae.encoder.down.0.block.0.conv2.pointwise.weight will not be optimized.
2026-05-18 14:39:34,854 WARNING: Params module.vae.encoder.down.0.block.0.conv2.pointwise.bias will not be optimized.
2026-05-18 14:39:34,854 WARNING: Params module.vae.encoder.down.0.block.0.mergeconv.weight will not be optimized.
2026-05-18 14:39:34,854 WARNING: Params module.vae.encoder.down.0.block.0.mergeconv.bias will not be optimized.
2026-05-18 14:39:34,854 WARNING: Params module.vae.encoder.down.0.block.0.fca.fc.0.weight will not be optimized.
2026-05-18 14:39:34,854 WARNING: Params module.vae.encoder.down.0.block.0.fca.fc.2.weight will not be optimized.
2026-05-18 14:39:34,854 WARNING: Params module.vae.encoder.down.0.block.0.ampconv.0.weight will not be optimized.
2026-05-18 14:39:34,854 WARNING: Params module.vae.encoder.down.0.block.0.ampconv.0.bias will not be optimized.
2026-05-18 14:39:34,854 WARNING: Params module.vae.encoder.down.0.block.0.ampconv.2.weight will not be optimized.
2026-05-18 14:39:34,854 WARNING: Params module.vae.encoder.down.0.block.0.ampconv.2.bias will not be optimized.
2026-05-18 14:39:34,855 WARNING: Params module.vae.encoder.down.0.block.1.norm1.weight will not be optimized.
2026-05-18 14:39:34,855 WARNING: Params module.vae.encoder.down.0.block.1.norm1.bias will not be optimized.
2026-05-18 14:39:34,855 WARNING: Params module.vae.encoder.down.0.block.1.splitconv1.weight will not be optimized.
2026-05-18 14:39:34,855 WARNING: Params module.vae.encoder.down.0.block.1.splitconv1.bias will not be optimized.
2026-05-18 14:39:34,855 WARNING: Params module.vae.encoder.down.0.block.1.splitconv2.weight will not be optimized.
2026-05-18 14:39:34,855 WARNING: Params module.vae.encoder.down.0.block.1.splitconv2.bias will not be optimized.
2026-05-18 14:39:34,855 WARNING: Params module.vae.encoder.down.0.block.1.conv1.depthwise.weight will not be optimized.
2026-05-18 14:39:34,855 WARNING: Params module.vae.encoder.down.0.block.1.conv1.depthwise.bias will not be optimized.
2026-05-18 14:39:34,855 WARNING: Params module.vae.encoder.down.0.block.1.conv1.pointwise.weight will not be optimized.
2026-05-18 14:39:34,856 WARNING: Params module.vae.encoder.down.0.block.1.conv1.pointwise.bias will not be optimized.
2026-05-18 14:39:34,856 WARNING: Params module.vae.encoder.down.0.block.1.norm2.weight will not be optimized.
2026-05-18 14:39:34,856 WARNING: Params module.vae.encoder.down.0.block.1.norm2.bias will not be optimized.
2026-05-18 14:39:34,856 WARNING: Params module.vae.encoder.down.0.block.1.conv2.depthwise.weight will not be optimized.
2026-05-18 14:39:34,856 WARNING: Params module.vae.encoder.down.0.block.1.conv2.depthwise.bias will not be optimized.
2026-05-18 14:39:34,856 WARNING: Params module.vae.encoder.down.0.block.1.conv2.pointwise.weight will not be optimized.
2026-05-18 14:39:34,856 WARNING: Params module.vae.encoder.down.0.block.1.conv2.pointwise.bias will not be optimized.
2026-05-18 14:39:34,856 WARNING: Params module.vae.encoder.down.0.block.1.mergeconv.weight will not be optimized.
2026-05-18 14:39:34,856 WARNING: Params module.vae.encoder.down.0.block.1.mergeconv.bias will not be optimized.
2026-05-18 14:39:34,857 WARNING: Params module.vae.encoder.down.0.block.1.fca.fc.0.weight will not be optimized.
2026-05-18 14:39:34,857 WARNING: Params module.vae.encoder.down.0.block.1.fca.fc.2.weight will not be optimized.
2026-05-18 14:39:34,857 WARNING: Params module.vae.encoder.down.0.block.1.ampconv.0.weight will not be optimized.
2026-05-18 14:39:34,857 WARNING: Params module.vae.encoder.down.0.block.1.ampconv.0.bias will not be optimized.
2026-05-18 14:39:34,857 WARNING: Params module.vae.encoder.down.0.block.1.ampconv.2.weight will not be optimized.
2026-05-18 14:39:34,857 WARNING: Params module.vae.encoder.down.0.block.1.ampconv.2.bias will not be optimized.
2026-05-18 14:39:34,857 WARNING: Params module.vae.encoder.down.0.downsample.conv.weight will not be optimized.
2026-05-18 14:39:34,857 WARNING: Params module.vae.encoder.down.0.downsample.conv.bias will not be optimized.
2026-05-18 14:39:34,857 WARNING: Params module.vae.encoder.down.1.block.0.norm1.weight will not be optimized.
2026-05-18 14:39:34,858 WARNING: Params module.vae.encoder.down.1.block.0.norm1.bias will not be optimized.
2026-05-18 14:39:34,858 WARNING: Params module.vae.encoder.down.1.block.0.splitconv1.weight will not be optimized.
2026-05-18 14:39:34,858 WARNING: Params module.vae.encoder.down.1.block.0.splitconv1.bias will not be optimized.
2026-05-18 14:39:34,858 WARNING: Params module.vae.encoder.down.1.block.0.splitconv2.weight will not be optimized.
2026-05-18 14:39:34,858 WARNING: Params module.vae.encoder.down.1.block.0.splitconv2.bias will not be optimized.
2026-05-18 14:39:34,858 WARNING: Params module.vae.encoder.down.1.block.0.conv1.depthwise.weight will not be optimized.
2026-05-18 14:39:34,858 WARNING: Params module.vae.encoder.down.1.block.0.conv1.depthwise.bias will not be optimized.
2026-05-18 14:39:34,858 WARNING: Params module.vae.encoder.down.1.block.0.conv1.pointwise.weight will not be optimized.
2026-05-18 14:39:34,858 WARNING: Params module.vae.encoder.down.1.block.0.conv1.pointwise.bias will not be optimized.
2026-05-18 14:39:34,858 WARNING: Params module.vae.encoder.down.1.block.0.norm2.weight will not be optimized.
2026-05-18 14:39:34,858 WARNING: Params module.vae.encoder.down.1.block.0.norm2.bias will not be optimized.
2026-05-18 14:39:34,859 WARNING: Params module.vae.encoder.down.1.block.0.conv2.depthwise.weight will not be optimized.
2026-05-18 14:39:34,859 WARNING: Params module.vae.encoder.down.1.block.0.conv2.depthwise.bias will not be optimized.
2026-05-18 14:39:34,859 WARNING: Params module.vae.encoder.down.1.block.0.conv2.pointwise.weight will not be optimized.
2026-05-18 14:39:34,859 WARNING: Params module.vae.encoder.down.1.block.0.conv2.pointwise.bias will not be optimized.
2026-05-18 14:39:34,859 WARNING: Params module.vae.encoder.down.1.block.0.mergeconv.weight will not be optimized.
2026-05-18 14:39:34,859 WARNING: Params module.vae.encoder.down.1.block.0.mergeconv.bias will not be optimized.
2026-05-18 14:39:34,859 WARNING: Params module.vae.encoder.down.1.block.0.fca.fc.0.weight will not be optimized.
2026-05-18 14:39:34,859 WARNING: Params module.vae.encoder.down.1.block.0.fca.fc.2.weight will not be optimized.
2026-05-18 14:39:34,859 WARNING: Params module.vae.encoder.down.1.block.0.ampconv.0.weight will not be optimized.
2026-05-18 14:39:34,860 WARNING: Params module.vae.encoder.down.1.block.0.ampconv.0.bias will not be optimized.
2026-05-18 14:39:34,860 WARNING: Params module.vae.encoder.down.1.block.0.ampconv.2.weight will not be optimized.
2026-05-18 14:39:34,860 WARNING: Params module.vae.encoder.down.1.block.0.ampconv.2.bias will not be optimized.
2026-05-18 14:39:34,860 WARNING: Params module.vae.encoder.down.1.block.0.nin_shortcut.weight will not be optimized.
2026-05-18 14:39:34,860 WARNING: Params module.vae.encoder.down.1.block.0.nin_shortcut.bias will not be optimized.
2026-05-18 14:39:34,860 WARNING: Params module.vae.encoder.down.1.block.1.norm1.weight will not be optimized.
2026-05-18 14:39:34,860 WARNING: Params module.vae.encoder.down.1.block.1.norm1.bias will not be optimized.
2026-05-18 14:39:34,860 WARNING: Params module.vae.encoder.down.1.block.1.splitconv1.weight will not be optimized.
2026-05-18 14:39:34,860 WARNING: Params module.vae.encoder.down.1.block.1.splitconv1.bias will not be optimized.
2026-05-18 14:39:34,860 WARNING: Params module.vae.encoder.down.1.block.1.splitconv2.weight will not be optimized.
2026-05-18 14:39:34,861 WARNING: Params module.vae.encoder.down.1.block.1.splitconv2.bias will not be optimized.
2026-05-18 14:39:34,861 WARNING: Params module.vae.encoder.down.1.block.1.conv1.depthwise.weight will not be optimized.
2026-05-18 14:39:34,861 WARNING: Params module.vae.encoder.down.1.block.1.conv1.depthwise.bias will not be optimized.
2026-05-18 14:39:34,861 WARNING: Params module.vae.encoder.down.1.block.1.conv1.pointwise.weight will not be optimized.
2026-05-18 14:39:34,861 WARNING: Params module.vae.encoder.down.1.block.1.conv1.pointwise.bias will not be optimized.
2026-05-18 14:39:34,861 WARNING: Params module.vae.encoder.down.1.block.1.norm2.weight will not be optimized.
2026-05-18 14:39:34,861 WARNING: Params module.vae.encoder.down.1.block.1.norm2.bias will not be optimized.
2026-05-18 14:39:34,861 WARNING: Params module.vae.encoder.down.1.block.1.conv2.depthwise.weight will not be optimized.
2026-05-18 14:39:34,861 WARNING: Params module.vae.encoder.down.1.block.1.conv2.depthwise.bias will not be optimized.
2026-05-18 14:39:34,862 WARNING: Params module.vae.encoder.down.1.block.1.conv2.pointwise.weight will not be optimized.
2026-05-18 14:39:34,862 WARNING: Params module.vae.encoder.down.1.block.1.conv2.pointwise.bias will not be optimized.
2026-05-18 14:39:34,862 WARNING: Params module.vae.encoder.down.1.block.1.mergeconv.weight will not be optimized.
2026-05-18 14:39:34,862 WARNING: Params module.vae.encoder.down.1.block.1.mergeconv.bias will not be optimized.
2026-05-18 14:39:34,862 WARNING: Params module.vae.encoder.down.1.block.1.fca.fc.0.weight will not be optimized.
2026-05-18 14:39:34,862 WARNING: Params module.vae.encoder.down.1.block.1.fca.fc.2.weight will not be optimized.
2026-05-18 14:39:34,862 WARNING: Params module.vae.encoder.down.1.block.1.ampconv.0.weight will not be optimized.
2026-05-18 14:39:34,862 WARNING: Params module.vae.encoder.down.1.block.1.ampconv.0.bias will not be optimized.
2026-05-18 14:39:34,862 WARNING: Params module.vae.encoder.down.1.block.1.ampconv.2.weight will not be optimized.
2026-05-18 14:39:34,862 WARNING: Params module.vae.encoder.down.1.block.1.ampconv.2.bias will not be optimized.
2026-05-18 14:39:34,863 WARNING: Params module.vae.encoder.down.1.downsample.conv.weight will not be optimized.
2026-05-18 14:39:34,863 WARNING: Params module.vae.encoder.down.1.downsample.conv.bias will not be optimized.
2026-05-18 14:39:34,863 WARNING: Params module.vae.encoder.down.2.block.0.norm1.weight will not be optimized.
2026-05-18 14:39:34,863 WARNING: Params module.vae.encoder.down.2.block.0.norm1.bias will not be optimized.
2026-05-18 14:39:34,863 WARNING: Params module.vae.encoder.down.2.block.0.splitconv1.weight will not be optimized.
2026-05-18 14:39:34,863 WARNING: Params module.vae.encoder.down.2.block.0.splitconv1.bias will not be optimized.
2026-05-18 14:39:34,863 WARNING: Params module.vae.encoder.down.2.block.0.splitconv2.weight will not be optimized.
2026-05-18 14:39:34,863 WARNING: Params module.vae.encoder.down.2.block.0.splitconv2.bias will not be optimized.
2026-05-18 14:39:34,863 WARNING: Params module.vae.encoder.down.2.block.0.conv1.depthwise.weight will not be optimized.
2026-05-18 14:39:34,864 WARNING: Params module.vae.encoder.down.2.block.0.conv1.depthwise.bias will not be optimized.
2026-05-18 14:39:34,864 WARNING: Params module.vae.encoder.down.2.block.0.conv1.pointwise.weight will not be optimized.
2026-05-18 14:39:34,864 WARNING: Params module.vae.encoder.down.2.block.0.conv1.pointwise.bias will not be optimized.
2026-05-18 14:39:34,864 WARNING: Params module.vae.encoder.down.2.block.0.norm2.weight will not be optimized.
2026-05-18 14:39:34,864 WARNING: Params module.vae.encoder.down.2.block.0.norm2.bias will not be optimized.
2026-05-18 14:39:34,864 WARNING: Params module.vae.encoder.down.2.block.0.conv2.depthwise.weight will not be optimized.
2026-05-18 14:39:34,864 WARNING: Params module.vae.encoder.down.2.block.0.conv2.depthwise.bias will not be optimized.
2026-05-18 14:39:34,864 WARNING: Params module.vae.encoder.down.2.block.0.conv2.pointwise.weight will not be optimized.
2026-05-18 14:39:34,864 WARNING: Params module.vae.encoder.down.2.block.0.conv2.pointwise.bias will not be optimized.
2026-05-18 14:39:34,864 WARNING: Params module.vae.encoder.down.2.block.0.mergeconv.weight will not be optimized.
2026-05-18 14:39:34,864 WARNING: Params module.vae.encoder.down.2.block.0.mergeconv.bias will not be optimized.
2026-05-18 14:39:34,865 WARNING: Params module.vae.encoder.down.2.block.0.fca.fc.0.weight will not be optimized.
2026-05-18 14:39:34,865 WARNING: Params module.vae.encoder.down.2.block.0.fca.fc.2.weight will not be optimized.
2026-05-18 14:39:34,865 WARNING: Params module.vae.encoder.down.2.block.0.ampconv.0.weight will not be optimized.
2026-05-18 14:39:34,865 WARNING: Params module.vae.encoder.down.2.block.0.ampconv.0.bias will not be optimized.
2026-05-18 14:39:34,865 WARNING: Params module.vae.encoder.down.2.block.0.ampconv.2.weight will not be optimized.
2026-05-18 14:39:34,865 WARNING: Params module.vae.encoder.down.2.block.0.ampconv.2.bias will not be optimized.
2026-05-18 14:39:34,865 WARNING: Params module.vae.encoder.down.2.block.0.nin_shortcut.weight will not be optimized.
2026-05-18 14:39:34,865 WARNING: Params module.vae.encoder.down.2.block.0.nin_shortcut.bias will not be optimized.
2026-05-18 14:39:34,866 WARNING: Params module.vae.encoder.down.2.block.1.norm1.weight will not be optimized.
2026-05-18 14:39:34,866 WARNING: Params module.vae.encoder.down.2.block.1.norm1.bias will not be optimized.
2026-05-18 14:39:34,866 WARNING: Params module.vae.encoder.down.2.block.1.splitconv1.weight will not be optimized.
2026-05-18 14:39:34,866 WARNING: Params module.vae.encoder.down.2.block.1.splitconv1.bias will not be optimized.
2026-05-18 14:39:34,866 WARNING: Params module.vae.encoder.down.2.block.1.splitconv2.weight will not be optimized.
2026-05-18 14:39:34,866 WARNING: Params module.vae.encoder.down.2.block.1.splitconv2.bias will not be optimized.
2026-05-18 14:39:34,866 WARNING: Params module.vae.encoder.down.2.block.1.conv1.depthwise.weight will not be optimized.
2026-05-18 14:39:34,866 WARNING: Params module.vae.encoder.down.2.block.1.conv1.depthwise.bias will not be optimized.
2026-05-18 14:39:34,866 WARNING: Params module.vae.encoder.down.2.block.1.conv1.pointwise.weight will not be optimized.
2026-05-18 14:39:34,866 WARNING: Params module.vae.encoder.down.2.block.1.conv1.pointwise.bias will not be optimized.
2026-05-18 14:39:34,867 WARNING: Params module.vae.encoder.down.2.block.1.norm2.weight will not be optimized.
2026-05-18 14:39:34,867 WARNING: Params module.vae.encoder.down.2.block.1.norm2.bias will not be optimized.
2026-05-18 14:39:34,867 WARNING: Params module.vae.encoder.down.2.block.1.conv2.depthwise.weight will not be optimized.
2026-05-18 14:39:34,867 WARNING: Params module.vae.encoder.down.2.block.1.conv2.depthwise.bias will not be optimized.
2026-05-18 14:39:34,867 WARNING: Params module.vae.encoder.down.2.block.1.conv2.pointwise.weight will not be optimized.
2026-05-18 14:39:34,867 WARNING: Params module.vae.encoder.down.2.block.1.conv2.pointwise.bias will not be optimized.
2026-05-18 14:39:34,867 WARNING: Params module.vae.encoder.down.2.block.1.mergeconv.weight will not be optimized.
2026-05-18 14:39:34,867 WARNING: Params module.vae.encoder.down.2.block.1.mergeconv.bias will not be optimized.
2026-05-18 14:39:34,867 WARNING: Params module.vae.encoder.down.2.block.1.fca.fc.0.weight will not be optimized.
2026-05-18 14:39:34,867 WARNING: Params module.vae.encoder.down.2.block.1.fca.fc.2.weight will not be optimized.
2026-05-18 14:39:34,868 WARNING: Params module.vae.encoder.down.2.block.1.ampconv.0.weight will not be optimized.
2026-05-18 14:39:34,868 WARNING: Params module.vae.encoder.down.2.block.1.ampconv.0.bias will not be optimized.
2026-05-18 14:39:34,868 WARNING: Params module.vae.encoder.down.2.block.1.ampconv.2.weight will not be optimized.
2026-05-18 14:39:34,868 WARNING: Params module.vae.encoder.down.2.block.1.ampconv.2.bias will not be optimized.
2026-05-18 14:39:34,868 WARNING: Params module.vae.encoder.down.2.attn.0.norm1.body.weight will not be optimized.
2026-05-18 14:39:34,868 WARNING: Params module.vae.encoder.down.2.attn.0.norm1.body.bias will not be optimized.
2026-05-18 14:39:34,868 WARNING: Params module.vae.encoder.down.2.attn.0.attn.temperature will not be optimized.
2026-05-18 14:39:34,868 WARNING: Params module.vae.encoder.down.2.attn.0.attn.qkv.weight will not be optimized.
2026-05-18 14:39:34,868 WARNING: Params module.vae.encoder.down.2.attn.0.attn.qkv_dwconv.weight will not be optimized.
2026-05-18 14:39:34,869 WARNING: Params module.vae.encoder.down.2.attn.0.attn.project_out.weight will not be optimized.
2026-05-18 14:39:34,869 WARNING: Params module.vae.encoder.down.2.attn.0.norm2.body.weight will not be optimized.
2026-05-18 14:39:34,869 WARNING: Params module.vae.encoder.down.2.attn.0.norm2.body.bias will not be optimized.
2026-05-18 14:39:34,869 WARNING: Params module.vae.encoder.down.2.attn.0.ffn.project_in.weight will not be optimized.
2026-05-18 14:39:34,869 WARNING: Params module.vae.encoder.down.2.attn.0.ffn.dwconv.weight will not be optimized.
2026-05-18 14:39:34,869 WARNING: Params module.vae.encoder.down.2.attn.0.ffn.project_out.weight will not be optimized.
2026-05-18 14:39:34,869 WARNING: Params module.vae.encoder.down.2.attn.1.norm1.body.weight will not be optimized.
2026-05-18 14:39:34,869 WARNING: Params module.vae.encoder.down.2.attn.1.norm1.body.bias will not be optimized.
2026-05-18 14:39:34,869 WARNING: Params module.vae.encoder.down.2.attn.1.attn.temperature will not be optimized.
2026-05-18 14:39:34,869 WARNING: Params module.vae.encoder.down.2.attn.1.attn.qkv.weight will not be optimized.
2026-05-18 14:39:34,870 WARNING: Params module.vae.encoder.down.2.attn.1.attn.qkv_dwconv.weight will not be optimized.
2026-05-18 14:39:34,870 WARNING: Params module.vae.encoder.down.2.attn.1.attn.project_out.weight will not be optimized.
2026-05-18 14:39:34,870 WARNING: Params module.vae.encoder.down.2.attn.1.norm2.body.weight will not be optimized.
2026-05-18 14:39:34,870 WARNING: Params module.vae.encoder.down.2.attn.1.norm2.body.bias will not be optimized.
2026-05-18 14:39:34,870 WARNING: Params module.vae.encoder.down.2.attn.1.ffn.project_in.weight will not be optimized.
2026-05-18 14:39:34,870 WARNING: Params module.vae.encoder.down.2.attn.1.ffn.dwconv.weight will not be optimized.
2026-05-18 14:39:34,870 WARNING: Params module.vae.encoder.down.2.attn.1.ffn.project_out.weight will not be optimized.
2026-05-18 14:39:34,870 WARNING: Params module.vae.encoder.down.2.downsample.conv.weight will not be optimized.
2026-05-18 14:39:34,870 WARNING: Params module.vae.encoder.down.2.downsample.conv.bias will not be optimized.
2026-05-18 14:39:34,871 WARNING: Params module.vae.encoder.down.3.block.0.norm1.weight will not be optimized.
2026-05-18 14:39:34,871 WARNING: Params module.vae.encoder.down.3.block.0.norm1.bias will not be optimized.
2026-05-18 14:39:34,871 WARNING: Params module.vae.encoder.down.3.block.0.splitconv1.weight will not be optimized.
2026-05-18 14:39:34,871 WARNING: Params module.vae.encoder.down.3.block.0.splitconv1.bias will not be optimized.
2026-05-18 14:39:34,871 WARNING: Params module.vae.encoder.down.3.block.0.splitconv2.weight will not be optimized.
2026-05-18 14:39:34,871 WARNING: Params module.vae.encoder.down.3.block.0.splitconv2.bias will not be optimized.
2026-05-18 14:39:34,871 WARNING: Params module.vae.encoder.down.3.block.0.conv1.depthwise.weight will not be optimized.
2026-05-18 14:39:34,871 WARNING: Params module.vae.encoder.down.3.block.0.conv1.depthwise.bias will not be optimized.
2026-05-18 14:39:34,871 WARNING: Params module.vae.encoder.down.3.block.0.conv1.pointwise.weight will not be optimized.
2026-05-18 14:39:34,871 WARNING: Params module.vae.encoder.down.3.block.0.conv1.pointwise.bias will not be optimized.
2026-05-18 14:39:34,872 WARNING: Params module.vae.encoder.down.3.block.0.norm2.weight will not be optimized.
2026-05-18 14:39:34,872 WARNING: Params module.vae.encoder.down.3.block.0.norm2.bias will not be optimized.
2026-05-18 14:39:34,872 WARNING: Params module.vae.encoder.down.3.block.0.conv2.depthwise.weight will not be optimized.
2026-05-18 14:39:34,872 WARNING: Params module.vae.encoder.down.3.block.0.conv2.depthwise.bias will not be optimized.
2026-05-18 14:39:34,872 WARNING: Params module.vae.encoder.down.3.block.0.conv2.pointwise.weight will not be optimized.
2026-05-18 14:39:34,872 WARNING: Params module.vae.encoder.down.3.block.0.conv2.pointwise.bias will not be optimized.
2026-05-18 14:39:34,872 WARNING: Params module.vae.encoder.down.3.block.0.mergeconv.weight will not be optimized.
2026-05-18 14:39:34,872 WARNING: Params module.vae.encoder.down.3.block.0.mergeconv.bias will not be optimized.
2026-05-18 14:39:34,872 WARNING: Params module.vae.encoder.down.3.block.0.fca.fc.0.weight will not be optimized.
2026-05-18 14:39:34,873 WARNING: Params module.vae.encoder.down.3.block.0.fca.fc.2.weight will not be optimized.
2026-05-18 14:39:34,873 WARNING: Params module.vae.encoder.down.3.block.0.ampconv.0.weight will not be optimized.
2026-05-18 14:39:34,873 WARNING: Params module.vae.encoder.down.3.block.0.ampconv.0.bias will not be optimized.
2026-05-18 14:39:34,873 WARNING: Params module.vae.encoder.down.3.block.0.ampconv.2.weight will not be optimized.
2026-05-18 14:39:34,873 WARNING: Params module.vae.encoder.down.3.block.0.ampconv.2.bias will not be optimized.
2026-05-18 14:39:34,873 WARNING: Params module.vae.encoder.down.3.block.1.norm1.weight will not be optimized.
2026-05-18 14:39:34,873 WARNING: Params module.vae.encoder.down.3.block.1.norm1.bias will not be optimized.
2026-05-18 14:39:34,873 WARNING: Params module.vae.encoder.down.3.block.1.splitconv1.weight will not be optimized.
2026-05-18 14:39:34,873 WARNING: Params module.vae.encoder.down.3.block.1.splitconv1.bias will not be optimized.
2026-05-18 14:39:34,873 WARNING: Params module.vae.encoder.down.3.block.1.splitconv2.weight will not be optimized.
2026-05-18 14:39:34,874 WARNING: Params module.vae.encoder.down.3.block.1.splitconv2.bias will not be optimized.
2026-05-18 14:39:34,874 WARNING: Params module.vae.encoder.down.3.block.1.conv1.depthwise.weight will not be optimized.
2026-05-18 14:39:34,874 WARNING: Params module.vae.encoder.down.3.block.1.conv1.depthwise.bias will not be optimized.
2026-05-18 14:39:34,874 WARNING: Params module.vae.encoder.down.3.block.1.conv1.pointwise.weight will not be optimized.
2026-05-18 14:39:34,874 WARNING: Params module.vae.encoder.down.3.block.1.conv1.pointwise.bias will not be optimized.
2026-05-18 14:39:34,874 WARNING: Params module.vae.encoder.down.3.block.1.norm2.weight will not be optimized.
2026-05-18 14:39:34,874 WARNING: Params module.vae.encoder.down.3.block.1.norm2.bias will not be optimized.
2026-05-18 14:39:34,874 WARNING: Params module.vae.encoder.down.3.block.1.conv2.depthwise.weight will not be optimized.
2026-05-18 14:39:34,874 WARNING: Params module.vae.encoder.down.3.block.1.conv2.depthwise.bias will not be optimized.
2026-05-18 14:39:34,875 WARNING: Params module.vae.encoder.down.3.block.1.conv2.pointwise.weight will not be optimized.
2026-05-18 14:39:34,875 WARNING: Params module.vae.encoder.down.3.block.1.conv2.pointwise.bias will not be optimized.
2026-05-18 14:39:34,875 WARNING: Params module.vae.encoder.down.3.block.1.mergeconv.weight will not be optimized.
2026-05-18 14:39:34,875 WARNING: Params module.vae.encoder.down.3.block.1.mergeconv.bias will not be optimized.
2026-05-18 14:39:34,875 WARNING: Params module.vae.encoder.down.3.block.1.fca.fc.0.weight will not be optimized.
2026-05-18 14:39:34,875 WARNING: Params module.vae.encoder.down.3.block.1.fca.fc.2.weight will not be optimized.
2026-05-18 14:39:34,875 WARNING: Params module.vae.encoder.down.3.block.1.ampconv.0.weight will not be optimized.
2026-05-18 14:39:34,875 WARNING: Params module.vae.encoder.down.3.block.1.ampconv.0.bias will not be optimized.
2026-05-18 14:39:34,875 WARNING: Params module.vae.encoder.down.3.block.1.ampconv.2.weight will not be optimized.
2026-05-18 14:39:34,876 WARNING: Params module.vae.encoder.down.3.block.1.ampconv.2.bias will not be optimized.
2026-05-18 14:39:34,876 WARNING: Params module.vae.encoder.down.3.attn.0.norm1.body.weight will not be optimized.
2026-05-18 14:39:34,876 WARNING: Params module.vae.encoder.down.3.attn.0.norm1.body.bias will not be optimized.
2026-05-18 14:39:34,876 WARNING: Params module.vae.encoder.down.3.attn.0.attn.temperature will not be optimized.
2026-05-18 14:39:34,876 WARNING: Params module.vae.encoder.down.3.attn.0.attn.qkv.weight will not be optimized.
2026-05-18 14:39:34,876 WARNING: Params module.vae.encoder.down.3.attn.0.attn.qkv_dwconv.weight will not be optimized.
2026-05-18 14:39:34,876 WARNING: Params module.vae.encoder.down.3.attn.0.attn.project_out.weight will not be optimized.
2026-05-18 14:39:34,876 WARNING: Params module.vae.encoder.down.3.attn.0.norm2.body.weight will not be optimized.
2026-05-18 14:39:34,876 WARNING: Params module.vae.encoder.down.3.attn.0.norm2.body.bias will not be optimized.
2026-05-18 14:39:34,877 WARNING: Params module.vae.encoder.down.3.attn.0.ffn.project_in.weight will not be optimized.
2026-05-18 14:39:34,877 WARNING: Params module.vae.encoder.down.3.attn.0.ffn.dwconv.weight will not be optimized.
2026-05-18 14:39:34,877 WARNING: Params module.vae.encoder.down.3.attn.0.ffn.project_out.weight will not be optimized.
2026-05-18 14:39:34,877 WARNING: Params module.vae.encoder.down.3.attn.1.norm1.body.weight will not be optimized.
2026-05-18 14:39:34,877 WARNING: Params module.vae.encoder.down.3.attn.1.norm1.body.bias will not be optimized.
2026-05-18 14:39:34,877 WARNING: Params module.vae.encoder.down.3.attn.1.attn.temperature will not be optimized.
2026-05-18 14:39:34,877 WARNING: Params module.vae.encoder.down.3.attn.1.attn.qkv.weight will not be optimized.
2026-05-18 14:39:34,877 WARNING: Params module.vae.encoder.down.3.attn.1.attn.qkv_dwconv.weight will not be optimized.
2026-05-18 14:39:34,877 WARNING: Params module.vae.encoder.down.3.attn.1.attn.project_out.weight will not be optimized.
2026-05-18 14:39:34,877 WARNING: Params module.vae.encoder.down.3.attn.1.norm2.body.weight will not be optimized.
2026-05-18 14:39:34,878 WARNING: Params module.vae.encoder.down.3.attn.1.norm2.body.bias will not be optimized.
2026-05-18 14:39:34,878 WARNING: Params module.vae.encoder.down.3.attn.1.ffn.project_in.weight will not be optimized.
2026-05-18 14:39:34,878 WARNING: Params module.vae.encoder.down.3.attn.1.ffn.dwconv.weight will not be optimized.
2026-05-18 14:39:34,878 WARNING: Params module.vae.encoder.down.3.attn.1.ffn.project_out.weight will not be optimized.
2026-05-18 14:39:34,878 WARNING: Params module.vae.encoder.mid.block_1.norm1.weight will not be optimized.
2026-05-18 14:39:34,878 WARNING: Params module.vae.encoder.mid.block_1.norm1.bias will not be optimized.
2026-05-18 14:39:34,878 WARNING: Params module.vae.encoder.mid.block_1.splitconv1.weight will not be optimized.
2026-05-18 14:39:34,878 WARNING: Params module.vae.encoder.mid.block_1.splitconv1.bias will not be optimized.
2026-05-18 14:39:34,878 WARNING: Params module.vae.encoder.mid.block_1.splitconv2.weight will not be optimized.
2026-05-18 14:39:34,879 WARNING: Params module.vae.encoder.mid.block_1.splitconv2.bias will not be optimized.
2026-05-18 14:39:34,879 WARNING: Params module.vae.encoder.mid.block_1.conv1.depthwise.weight will not be optimized.
2026-05-18 14:39:34,879 WARNING: Params module.vae.encoder.mid.block_1.conv1.depthwise.bias will not be optimized.
2026-05-18 14:39:34,879 WARNING: Params module.vae.encoder.mid.block_1.conv1.pointwise.weight will not be optimized.
2026-05-18 14:39:34,879 WARNING: Params module.vae.encoder.mid.block_1.conv1.pointwise.bias will not be optimized.
2026-05-18 14:39:34,879 WARNING: Params module.vae.encoder.mid.block_1.norm2.weight will not be optimized.
2026-05-18 14:39:34,879 WARNING: Params module.vae.encoder.mid.block_1.norm2.bias will not be optimized.
2026-05-18 14:39:34,879 WARNING: Params module.vae.encoder.mid.block_1.conv2.depthwise.weight will not be optimized.
2026-05-18 14:39:34,879 WARNING: Params module.vae.encoder.mid.block_1.conv2.depthwise.bias will not be optimized.
2026-05-18 14:39:34,879 WARNING: Params module.vae.encoder.mid.block_1.conv2.pointwise.weight will not be optimized.
2026-05-18 14:39:34,880 WARNING: Params module.vae.encoder.mid.block_1.conv2.pointwise.bias will not be optimized.
2026-05-18 14:39:34,880 WARNING: Params module.vae.encoder.mid.block_1.mergeconv.weight will not be optimized.
2026-05-18 14:39:34,880 WARNING: Params module.vae.encoder.mid.block_1.mergeconv.bias will not be optimized.
2026-05-18 14:39:34,880 WARNING: Params module.vae.encoder.mid.block_1.fca.fc.0.weight will not be optimized.
2026-05-18 14:39:34,880 WARNING: Params module.vae.encoder.mid.block_1.fca.fc.2.weight will not be optimized.
2026-05-18 14:39:34,880 WARNING: Params module.vae.encoder.mid.block_1.ampconv.0.weight will not be optimized.
2026-05-18 14:39:34,880 WARNING: Params module.vae.encoder.mid.block_1.ampconv.0.bias will not be optimized.
2026-05-18 14:39:34,880 WARNING: Params module.vae.encoder.mid.block_1.ampconv.2.weight will not be optimized.
2026-05-18 14:39:34,880 WARNING: Params module.vae.encoder.mid.block_1.ampconv.2.bias will not be optimized.
2026-05-18 14:39:34,880 WARNING: Params module.vae.encoder.mid.attn_1.norm1.body.weight will not be optimized.
2026-05-18 14:39:34,881 WARNING: Params module.vae.encoder.mid.attn_1.norm1.body.bias will not be optimized.
2026-05-18 14:39:34,881 WARNING: Params module.vae.encoder.mid.attn_1.attn.temperature will not be optimized.
2026-05-18 14:39:34,881 WARNING: Params module.vae.encoder.mid.attn_1.attn.qkv.weight will not be optimized.
2026-05-18 14:39:34,881 WARNING: Params module.vae.encoder.mid.attn_1.attn.qkv_dwconv.weight will not be optimized.
2026-05-18 14:39:34,881 WARNING: Params module.vae.encoder.mid.attn_1.attn.project_out.weight will not be optimized.
2026-05-18 14:39:34,881 WARNING: Params module.vae.encoder.mid.attn_1.norm2.body.weight will not be optimized.
2026-05-18 14:39:34,881 WARNING: Params module.vae.encoder.mid.attn_1.norm2.body.bias will not be optimized.
2026-05-18 14:39:34,881 WARNING: Params module.vae.encoder.mid.attn_1.ffn.project_in.weight will not be optimized.
2026-05-18 14:39:34,881 WARNING: Params module.vae.encoder.mid.attn_1.ffn.dwconv.weight will not be optimized.
2026-05-18 14:39:34,881 WARNING: Params module.vae.encoder.mid.attn_1.ffn.project_out.weight will not be optimized.
2026-05-18 14:39:34,882 WARNING: Params module.vae.encoder.mid.block_2.norm1.weight will not be optimized.
2026-05-18 14:39:34,882 WARNING: Params module.vae.encoder.mid.block_2.norm1.bias will not be optimized.
2026-05-18 14:39:34,882 WARNING: Params module.vae.encoder.mid.block_2.splitconv1.weight will not be optimized.
2026-05-18 14:39:34,882 WARNING: Params module.vae.encoder.mid.block_2.splitconv1.bias will not be optimized.
2026-05-18 14:39:34,882 WARNING: Params module.vae.encoder.mid.block_2.splitconv2.weight will not be optimized.
2026-05-18 14:39:34,882 WARNING: Params module.vae.encoder.mid.block_2.splitconv2.bias will not be optimized.
2026-05-18 14:39:34,882 WARNING: Params module.vae.encoder.mid.block_2.conv1.depthwise.weight will not be optimized.
2026-05-18 14:39:34,882 WARNING: Params module.vae.encoder.mid.block_2.conv1.depthwise.bias will not be optimized.
2026-05-18 14:39:34,882 WARNING: Params module.vae.encoder.mid.block_2.conv1.pointwise.weight will not be optimized.
2026-05-18 14:39:34,882 WARNING: Params module.vae.encoder.mid.block_2.conv1.pointwise.bias will not be optimized.
2026-05-18 14:39:34,883 WARNING: Params module.vae.encoder.mid.block_2.norm2.weight will not be optimized.
2026-05-18 14:39:34,883 WARNING: Params module.vae.encoder.mid.block_2.norm2.bias will not be optimized.
2026-05-18 14:39:34,883 WARNING: Params module.vae.encoder.mid.block_2.conv2.depthwise.weight will not be optimized.
2026-05-18 14:39:34,883 WARNING: Params module.vae.encoder.mid.block_2.conv2.depthwise.bias will not be optimized.
2026-05-18 14:39:34,883 WARNING: Params module.vae.encoder.mid.block_2.conv2.pointwise.weight will not be optimized.
2026-05-18 14:39:34,883 WARNING: Params module.vae.encoder.mid.block_2.conv2.pointwise.bias will not be optimized.
2026-05-18 14:39:34,883 WARNING: Params module.vae.encoder.mid.block_2.mergeconv.weight will not be optimized.
2026-05-18 14:39:34,883 WARNING: Params module.vae.encoder.mid.block_2.mergeconv.bias will not be optimized.
2026-05-18 14:39:34,883 WARNING: Params module.vae.encoder.mid.block_2.fca.fc.0.weight will not be optimized.
2026-05-18 14:39:34,883 WARNING: Params module.vae.encoder.mid.block_2.fca.fc.2.weight will not be optimized.
2026-05-18 14:39:34,884 WARNING: Params module.vae.encoder.mid.block_2.ampconv.0.weight will not be optimized.
2026-05-18 14:39:34,884 WARNING: Params module.vae.encoder.mid.block_2.ampconv.0.bias will not be optimized.
2026-05-18 14:39:34,884 WARNING: Params module.vae.encoder.mid.block_2.ampconv.2.weight will not be optimized.
2026-05-18 14:39:34,884 WARNING: Params module.vae.encoder.mid.block_2.ampconv.2.bias will not be optimized.
2026-05-18 14:39:34,884 WARNING: Params module.vae.encoder.norm_out.weight will not be optimized.
2026-05-18 14:39:34,884 WARNING: Params module.vae.encoder.norm_out.bias will not be optimized.
2026-05-18 14:39:34,884 WARNING: Params module.vae.encoder.conv_out.weight will not be optimized.
2026-05-18 14:39:34,884 WARNING: Params module.vae.encoder.conv_out.bias will not be optimized.
2026-05-18 14:39:34,884 WARNING: Params module.vae.decoder.conv_in.weight will not be optimized.
2026-05-18 14:39:34,885 WARNING: Params module.vae.decoder.conv_in.bias will not be optimized.
2026-05-18 14:39:34,885 WARNING: Params module.vae.decoder.mid.block_1.norm1.weight will not be optimized.
2026-05-18 14:39:34,885 WARNING: Params module.vae.decoder.mid.block_1.norm1.bias will not be optimized.
2026-05-18 14:39:34,885 WARNING: Params module.vae.decoder.mid.block_1.splitconv1.weight will not be optimized.
2026-05-18 14:39:34,885 WARNING: Params module.vae.decoder.mid.block_1.splitconv1.bias will not be optimized.
2026-05-18 14:39:34,885 WARNING: Params module.vae.decoder.mid.block_1.splitconv2.weight will not be optimized.
2026-05-18 14:39:34,885 WARNING: Params module.vae.decoder.mid.block_1.splitconv2.bias will not be optimized.
2026-05-18 14:39:34,885 WARNING: Params module.vae.decoder.mid.block_1.conv1.depthwise.weight will not be optimized.
2026-05-18 14:39:34,885 WARNING: Params module.vae.decoder.mid.block_1.conv1.depthwise.bias will not be optimized.
2026-05-18 14:39:34,886 WARNING: Params module.vae.decoder.mid.block_1.conv1.pointwise.weight will not be optimized.
2026-05-18 14:39:34,886 WARNING: Params module.vae.decoder.mid.block_1.conv1.pointwise.bias will not be optimized.
2026-05-18 14:39:34,886 WARNING: Params module.vae.decoder.mid.block_1.norm2.weight will not be optimized.
2026-05-18 14:39:34,886 WARNING: Params module.vae.decoder.mid.block_1.norm2.bias will not be optimized.
2026-05-18 14:39:34,886 WARNING: Params module.vae.decoder.mid.block_1.conv2.depthwise.weight will not be optimized.
2026-05-18 14:39:34,886 WARNING: Params module.vae.decoder.mid.block_1.conv2.depthwise.bias will not be optimized.
2026-05-18 14:39:34,886 WARNING: Params module.vae.decoder.mid.block_1.conv2.pointwise.weight will not be optimized.
2026-05-18 14:39:34,886 WARNING: Params module.vae.decoder.mid.block_1.conv2.pointwise.bias will not be optimized.
2026-05-18 14:39:34,886 WARNING: Params module.vae.decoder.mid.block_1.mergeconv.weight will not be optimized.
2026-05-18 14:39:34,886 WARNING: Params module.vae.decoder.mid.block_1.mergeconv.bias will not be optimized.
2026-05-18 14:39:34,887 WARNING: Params module.vae.decoder.mid.block_1.fca.fc.0.weight will not be optimized.
2026-05-18 14:39:34,887 WARNING: Params module.vae.decoder.mid.block_1.fca.fc.2.weight will not be optimized.
2026-05-18 14:39:34,887 WARNING: Params module.vae.decoder.mid.block_1.ampconv.0.weight will not be optimized.
2026-05-18 14:39:34,887 WARNING: Params module.vae.decoder.mid.block_1.ampconv.0.bias will not be optimized.
2026-05-18 14:39:34,887 WARNING: Params module.vae.decoder.mid.block_1.ampconv.2.weight will not be optimized.
2026-05-18 14:39:34,887 WARNING: Params module.vae.decoder.mid.block_1.ampconv.2.bias will not be optimized.
2026-05-18 14:39:34,887 WARNING: Params module.vae.decoder.mid.attn_1.norm1.body.weight will not be optimized.
2026-05-18 14:39:34,887 WARNING: Params module.vae.decoder.mid.attn_1.norm1.body.bias will not be optimized.
2026-05-18 14:39:34,887 WARNING: Params module.vae.decoder.mid.attn_1.attn.temperature will not be optimized.
2026-05-18 14:39:34,888 WARNING: Params module.vae.decoder.mid.attn_1.attn.qkv.weight will not be optimized.
2026-05-18 14:39:34,888 WARNING: Params module.vae.decoder.mid.attn_1.attn.qkv_dwconv.weight will not be optimized.
2026-05-18 14:39:34,888 WARNING: Params module.vae.decoder.mid.attn_1.attn.project_out.weight will not be optimized.
2026-05-18 14:39:34,888 WARNING: Params module.vae.decoder.mid.attn_1.norm2.body.weight will not be optimized.
2026-05-18 14:39:34,888 WARNING: Params module.vae.decoder.mid.attn_1.norm2.body.bias will not be optimized.
2026-05-18 14:39:34,888 WARNING: Params module.vae.decoder.mid.attn_1.ffn.project_in.weight will not be optimized.
2026-05-18 14:39:34,888 WARNING: Params module.vae.decoder.mid.attn_1.ffn.dwconv.weight will not be optimized.
2026-05-18 14:39:34,888 WARNING: Params module.vae.decoder.mid.attn_1.ffn.project_out.weight will not be optimized.
2026-05-18 14:39:34,888 WARNING: Params module.vae.decoder.mid.block_2.norm1.weight will not be optimized.
2026-05-18 14:39:34,889 WARNING: Params module.vae.decoder.mid.block_2.norm1.bias will not be optimized.
2026-05-18 14:39:34,889 WARNING: Params module.vae.decoder.mid.block_2.splitconv1.weight will not be optimized.
2026-05-18 14:39:34,889 WARNING: Params module.vae.decoder.mid.block_2.splitconv1.bias will not be optimized.
2026-05-18 14:39:34,889 WARNING: Params module.vae.decoder.mid.block_2.splitconv2.weight will not be optimized.
2026-05-18 14:39:34,889 WARNING: Params module.vae.decoder.mid.block_2.splitconv2.bias will not be optimized.
2026-05-18 14:39:34,889 WARNING: Params module.vae.decoder.mid.block_2.conv1.depthwise.weight will not be optimized.
2026-05-18 14:39:34,889 WARNING: Params module.vae.decoder.mid.block_2.conv1.depthwise.bias will not be optimized.
2026-05-18 14:39:34,889 WARNING: Params module.vae.decoder.mid.block_2.conv1.pointwise.weight will not be optimized.
2026-05-18 14:39:34,889 WARNING: Params module.vae.decoder.mid.block_2.conv1.pointwise.bias will not be optimized.
2026-05-18 14:39:34,889 WARNING: Params module.vae.decoder.mid.block_2.norm2.weight will not be optimized.
2026-05-18 14:39:34,890 WARNING: Params module.vae.decoder.mid.block_2.norm2.bias will not be optimized.
2026-05-18 14:39:34,890 WARNING: Params module.vae.decoder.mid.block_2.conv2.depthwise.weight will not be optimized.
2026-05-18 14:39:34,890 WARNING: Params module.vae.decoder.mid.block_2.conv2.depthwise.bias will not be optimized.
2026-05-18 14:39:34,890 WARNING: Params module.vae.decoder.mid.block_2.conv2.pointwise.weight will not be optimized.
2026-05-18 14:39:34,890 WARNING: Params module.vae.decoder.mid.block_2.conv2.pointwise.bias will not be optimized.
2026-05-18 14:39:34,890 WARNING: Params module.vae.decoder.mid.block_2.mergeconv.weight will not be optimized.
2026-05-18 14:39:34,890 WARNING: Params module.vae.decoder.mid.block_2.mergeconv.bias will not be optimized.
2026-05-18 14:39:34,890 WARNING: Params module.vae.decoder.mid.block_2.fca.fc.0.weight will not be optimized.
2026-05-18 14:39:34,890 WARNING: Params module.vae.decoder.mid.block_2.fca.fc.2.weight will not be optimized.
2026-05-18 14:39:34,890 WARNING: Params module.vae.decoder.mid.block_2.ampconv.0.weight will not be optimized.
2026-05-18 14:39:34,891 WARNING: Params module.vae.decoder.mid.block_2.ampconv.0.bias will not be optimized.
2026-05-18 14:39:34,891 WARNING: Params module.vae.decoder.mid.block_2.ampconv.2.weight will not be optimized.
2026-05-18 14:39:34,891 WARNING: Params module.vae.decoder.mid.block_2.ampconv.2.bias will not be optimized.
2026-05-18 14:39:34,891 WARNING: Params module.vae.decoder.up.0.block.0.norm1.weight will not be optimized.
2026-05-18 14:39:34,891 WARNING: Params module.vae.decoder.up.0.block.0.norm1.bias will not be optimized.
2026-05-18 14:39:34,891 WARNING: Params module.vae.decoder.up.0.block.0.splitconv1.weight will not be optimized.
2026-05-18 14:39:34,891 WARNING: Params module.vae.decoder.up.0.block.0.splitconv1.bias will not be optimized.
2026-05-18 14:39:34,891 WARNING: Params module.vae.decoder.up.0.block.0.splitconv2.weight will not be optimized.
2026-05-18 14:39:34,891 WARNING: Params module.vae.decoder.up.0.block.0.splitconv2.bias will not be optimized.
2026-05-18 14:39:34,891 WARNING: Params module.vae.decoder.up.0.block.0.conv1.depthwise.weight will not be optimized.
2026-05-18 14:39:34,892 WARNING: Params module.vae.decoder.up.0.block.0.conv1.depthwise.bias will not be optimized.
2026-05-18 14:39:34,892 WARNING: Params module.vae.decoder.up.0.block.0.conv1.pointwise.weight will not be optimized.
2026-05-18 14:39:34,892 WARNING: Params module.vae.decoder.up.0.block.0.conv1.pointwise.bias will not be optimized.
2026-05-18 14:39:34,892 WARNING: Params module.vae.decoder.up.0.block.0.norm2.weight will not be optimized.
2026-05-18 14:39:34,892 WARNING: Params module.vae.decoder.up.0.block.0.norm2.bias will not be optimized.
2026-05-18 14:39:34,892 WARNING: Params module.vae.decoder.up.0.block.0.conv2.depthwise.weight will not be optimized.
2026-05-18 14:39:34,892 WARNING: Params module.vae.decoder.up.0.block.0.conv2.depthwise.bias will not be optimized.
2026-05-18 14:39:34,892 WARNING: Params module.vae.decoder.up.0.block.0.conv2.pointwise.weight will not be optimized.
2026-05-18 14:39:34,892 WARNING: Params module.vae.decoder.up.0.block.0.conv2.pointwise.bias will not be optimized.
2026-05-18 14:39:34,892 WARNING: Params module.vae.decoder.up.0.block.0.mergeconv.weight will not be optimized.
2026-05-18 14:39:34,892 WARNING: Params module.vae.decoder.up.0.block.0.mergeconv.bias will not be optimized.
2026-05-18 14:39:34,893 WARNING: Params module.vae.decoder.up.0.block.0.fca.fc.0.weight will not be optimized.
2026-05-18 14:39:34,893 WARNING: Params module.vae.decoder.up.0.block.0.fca.fc.2.weight will not be optimized.
2026-05-18 14:39:34,893 WARNING: Params module.vae.decoder.up.0.block.0.ampconv.0.weight will not be optimized.
2026-05-18 14:39:34,893 WARNING: Params module.vae.decoder.up.0.block.0.ampconv.0.bias will not be optimized.
2026-05-18 14:39:34,893 WARNING: Params module.vae.decoder.up.0.block.0.ampconv.2.weight will not be optimized.
2026-05-18 14:39:34,893 WARNING: Params module.vae.decoder.up.0.block.0.ampconv.2.bias will not be optimized.
2026-05-18 14:39:34,893 WARNING: Params module.vae.decoder.up.0.block.0.nin_shortcut.weight will not be optimized.
2026-05-18 14:39:34,893 WARNING: Params module.vae.decoder.up.0.block.0.nin_shortcut.bias will not be optimized.
2026-05-18 14:39:34,893 WARNING: Params module.vae.decoder.up.0.block.1.norm1.weight will not be optimized.
2026-05-18 14:39:34,894 WARNING: Params module.vae.decoder.up.0.block.1.norm1.bias will not be optimized.
2026-05-18 14:39:34,894 WARNING: Params module.vae.decoder.up.0.block.1.splitconv1.weight will not be optimized.
2026-05-18 14:39:34,894 WARNING: Params module.vae.decoder.up.0.block.1.splitconv1.bias will not be optimized.
2026-05-18 14:39:34,894 WARNING: Params module.vae.decoder.up.0.block.1.splitconv2.weight will not be optimized.
2026-05-18 14:39:34,894 WARNING: Params module.vae.decoder.up.0.block.1.splitconv2.bias will not be optimized.
2026-05-18 14:39:34,894 WARNING: Params module.vae.decoder.up.0.block.1.conv1.depthwise.weight will not be optimized.
2026-05-18 14:39:34,894 WARNING: Params module.vae.decoder.up.0.block.1.conv1.depthwise.bias will not be optimized.
2026-05-18 14:39:34,894 WARNING: Params module.vae.decoder.up.0.block.1.conv1.pointwise.weight will not be optimized.
2026-05-18 14:39:34,894 WARNING: Params module.vae.decoder.up.0.block.1.conv1.pointwise.bias will not be optimized.
2026-05-18 14:39:34,894 WARNING: Params module.vae.decoder.up.0.block.1.norm2.weight will not be optimized.
2026-05-18 14:39:34,894 WARNING: Params module.vae.decoder.up.0.block.1.norm2.bias will not be optimized.
2026-05-18 14:39:34,895 WARNING: Params module.vae.decoder.up.0.block.1.conv2.depthwise.weight will not be optimized.
2026-05-18 14:39:34,895 WARNING: Params module.vae.decoder.up.0.block.1.conv2.depthwise.bias will not be optimized.
2026-05-18 14:39:34,895 WARNING: Params module.vae.decoder.up.0.block.1.conv2.pointwise.weight will not be optimized.
2026-05-18 14:39:34,895 WARNING: Params module.vae.decoder.up.0.block.1.conv2.pointwise.bias will not be optimized.
2026-05-18 14:39:34,895 WARNING: Params module.vae.decoder.up.0.block.1.mergeconv.weight will not be optimized.
2026-05-18 14:39:34,895 WARNING: Params module.vae.decoder.up.0.block.1.mergeconv.bias will not be optimized.
2026-05-18 14:39:34,895 WARNING: Params module.vae.decoder.up.0.block.1.fca.fc.0.weight will not be optimized.
2026-05-18 14:39:34,895 WARNING: Params module.vae.decoder.up.0.block.1.fca.fc.2.weight will not be optimized.
2026-05-18 14:39:34,895 WARNING: Params module.vae.decoder.up.0.block.1.ampconv.0.weight will not be optimized.
2026-05-18 14:39:34,895 WARNING: Params module.vae.decoder.up.0.block.1.ampconv.0.bias will not be optimized.
2026-05-18 14:39:34,896 WARNING: Params module.vae.decoder.up.0.block.1.ampconv.2.weight will not be optimized.
2026-05-18 14:39:34,896 WARNING: Params module.vae.decoder.up.0.block.1.ampconv.2.bias will not be optimized.
2026-05-18 14:39:34,896 WARNING: Params module.vae.decoder.up.0.block.2.norm1.weight will not be optimized.
2026-05-18 14:39:34,896 WARNING: Params module.vae.decoder.up.0.block.2.norm1.bias will not be optimized.
2026-05-18 14:39:34,896 WARNING: Params module.vae.decoder.up.0.block.2.splitconv1.weight will not be optimized.
2026-05-18 14:39:34,896 WARNING: Params module.vae.decoder.up.0.block.2.splitconv1.bias will not be optimized.
2026-05-18 14:39:34,896 WARNING: Params module.vae.decoder.up.0.block.2.splitconv2.weight will not be optimized.
2026-05-18 14:39:34,896 WARNING: Params module.vae.decoder.up.0.block.2.splitconv2.bias will not be optimized.
2026-05-18 14:39:34,896 WARNING: Params module.vae.decoder.up.0.block.2.conv1.depthwise.weight will not be optimized.
2026-05-18 14:39:34,897 WARNING: Params module.vae.decoder.up.0.block.2.conv1.depthwise.bias will not be optimized.
2026-05-18 14:39:34,897 WARNING: Params module.vae.decoder.up.0.block.2.conv1.pointwise.weight will not be optimized.
2026-05-18 14:39:34,897 WARNING: Params module.vae.decoder.up.0.block.2.conv1.pointwise.bias will not be optimized.
2026-05-18 14:39:34,897 WARNING: Params module.vae.decoder.up.0.block.2.norm2.weight will not be optimized.
2026-05-18 14:39:34,897 WARNING: Params module.vae.decoder.up.0.block.2.norm2.bias will not be optimized.
2026-05-18 14:39:34,897 WARNING: Params module.vae.decoder.up.0.block.2.conv2.depthwise.weight will not be optimized.
2026-05-18 14:39:34,897 WARNING: Params module.vae.decoder.up.0.block.2.conv2.depthwise.bias will not be optimized.
2026-05-18 14:39:34,897 WARNING: Params module.vae.decoder.up.0.block.2.conv2.pointwise.weight will not be optimized.
2026-05-18 14:39:34,897 WARNING: Params module.vae.decoder.up.0.block.2.conv2.pointwise.bias will not be optimized.
2026-05-18 14:39:34,897 WARNING: Params module.vae.decoder.up.0.block.2.mergeconv.weight will not be optimized.
2026-05-18 14:39:34,898 WARNING: Params module.vae.decoder.up.0.block.2.mergeconv.bias will not be optimized.
2026-05-18 14:39:34,898 WARNING: Params module.vae.decoder.up.0.block.2.fca.fc.0.weight will not be optimized.
2026-05-18 14:39:34,898 WARNING: Params module.vae.decoder.up.0.block.2.fca.fc.2.weight will not be optimized.
2026-05-18 14:39:34,898 WARNING: Params module.vae.decoder.up.0.block.2.ampconv.0.weight will not be optimized.
2026-05-18 14:39:34,898 WARNING: Params module.vae.decoder.up.0.block.2.ampconv.0.bias will not be optimized.
2026-05-18 14:39:34,898 WARNING: Params module.vae.decoder.up.0.block.2.ampconv.2.weight will not be optimized.
2026-05-18 14:39:34,898 WARNING: Params module.vae.decoder.up.0.block.2.ampconv.2.bias will not be optimized.
2026-05-18 14:39:34,898 WARNING: Params module.vae.decoder.up.1.block.0.norm1.weight will not be optimized.
2026-05-18 14:39:34,898 WARNING: Params module.vae.decoder.up.1.block.0.norm1.bias will not be optimized.
2026-05-18 14:39:34,899 WARNING: Params module.vae.decoder.up.1.block.0.splitconv1.weight will not be optimized.
2026-05-18 14:39:34,899 WARNING: Params module.vae.decoder.up.1.block.0.splitconv1.bias will not be optimized.
2026-05-18 14:39:34,899 WARNING: Params module.vae.decoder.up.1.block.0.splitconv2.weight will not be optimized.
2026-05-18 14:39:34,899 WARNING: Params module.vae.decoder.up.1.block.0.splitconv2.bias will not be optimized.
2026-05-18 14:39:34,899 WARNING: Params module.vae.decoder.up.1.block.0.conv1.depthwise.weight will not be optimized.
2026-05-18 14:39:34,899 WARNING: Params module.vae.decoder.up.1.block.0.conv1.depthwise.bias will not be optimized.
2026-05-18 14:39:34,899 WARNING: Params module.vae.decoder.up.1.block.0.conv1.pointwise.weight will not be optimized.
2026-05-18 14:39:34,899 WARNING: Params module.vae.decoder.up.1.block.0.conv1.pointwise.bias will not be optimized.
2026-05-18 14:39:34,899 WARNING: Params module.vae.decoder.up.1.block.0.norm2.weight will not be optimized.
2026-05-18 14:39:34,900 WARNING: Params module.vae.decoder.up.1.block.0.norm2.bias will not be optimized.
2026-05-18 14:39:34,900 WARNING: Params module.vae.decoder.up.1.block.0.conv2.depthwise.weight will not be optimized.
2026-05-18 14:39:34,900 WARNING: Params module.vae.decoder.up.1.block.0.conv2.depthwise.bias will not be optimized.
2026-05-18 14:39:34,900 WARNING: Params module.vae.decoder.up.1.block.0.conv2.pointwise.weight will not be optimized.
2026-05-18 14:39:34,900 WARNING: Params module.vae.decoder.up.1.block.0.conv2.pointwise.bias will not be optimized.
2026-05-18 14:39:34,900 WARNING: Params module.vae.decoder.up.1.block.0.mergeconv.weight will not be optimized.
2026-05-18 14:39:34,900 WARNING: Params module.vae.decoder.up.1.block.0.mergeconv.bias will not be optimized.
2026-05-18 14:39:34,900 WARNING: Params module.vae.decoder.up.1.block.0.fca.fc.0.weight will not be optimized.
2026-05-18 14:39:34,900 WARNING: Params module.vae.decoder.up.1.block.0.fca.fc.2.weight will not be optimized.
2026-05-18 14:39:34,901 WARNING: Params module.vae.decoder.up.1.block.0.ampconv.0.weight will not be optimized.
2026-05-18 14:39:34,901 WARNING: Params module.vae.decoder.up.1.block.0.ampconv.0.bias will not be optimized.
2026-05-18 14:39:34,901 WARNING: Params module.vae.decoder.up.1.block.0.ampconv.2.weight will not be optimized.
2026-05-18 14:39:34,901 WARNING: Params module.vae.decoder.up.1.block.0.ampconv.2.bias will not be optimized.
2026-05-18 14:39:34,901 WARNING: Params module.vae.decoder.up.1.block.0.nin_shortcut.weight will not be optimized.
2026-05-18 14:39:34,901 WARNING: Params module.vae.decoder.up.1.block.0.nin_shortcut.bias will not be optimized.
2026-05-18 14:39:34,901 WARNING: Params module.vae.decoder.up.1.block.1.norm1.weight will not be optimized.
2026-05-18 14:39:34,901 WARNING: Params module.vae.decoder.up.1.block.1.norm1.bias will not be optimized.
2026-05-18 14:39:34,901 WARNING: Params module.vae.decoder.up.1.block.1.splitconv1.weight will not be optimized.
2026-05-18 14:39:34,901 WARNING: Params module.vae.decoder.up.1.block.1.splitconv1.bias will not be optimized.
2026-05-18 14:39:34,902 WARNING: Params module.vae.decoder.up.1.block.1.splitconv2.weight will not be optimized.
2026-05-18 14:39:34,902 WARNING: Params module.vae.decoder.up.1.block.1.splitconv2.bias will not be optimized.
2026-05-18 14:39:34,902 WARNING: Params module.vae.decoder.up.1.block.1.conv1.depthwise.weight will not be optimized.
2026-05-18 14:39:34,902 WARNING: Params module.vae.decoder.up.1.block.1.conv1.depthwise.bias will not be optimized.
2026-05-18 14:39:34,902 WARNING: Params module.vae.decoder.up.1.block.1.conv1.pointwise.weight will not be optimized.
2026-05-18 14:39:34,902 WARNING: Params module.vae.decoder.up.1.block.1.conv1.pointwise.bias will not be optimized.
2026-05-18 14:39:34,902 WARNING: Params module.vae.decoder.up.1.block.1.norm2.weight will not be optimized.
2026-05-18 14:39:34,902 WARNING: Params module.vae.decoder.up.1.block.1.norm2.bias will not be optimized.
2026-05-18 14:39:34,903 WARNING: Params module.vae.decoder.up.1.block.1.conv2.depthwise.weight will not be optimized.
2026-05-18 14:39:34,903 WARNING: Params module.vae.decoder.up.1.block.1.conv2.depthwise.bias will not be optimized.
2026-05-18 14:39:34,903 WARNING: Params module.vae.decoder.up.1.block.1.conv2.pointwise.weight will not be optimized.
2026-05-18 14:39:34,903 WARNING: Params module.vae.decoder.up.1.block.1.conv2.pointwise.bias will not be optimized.
2026-05-18 14:39:34,903 WARNING: Params module.vae.decoder.up.1.block.1.mergeconv.weight will not be optimized.
2026-05-18 14:39:34,903 WARNING: Params module.vae.decoder.up.1.block.1.mergeconv.bias will not be optimized.
2026-05-18 14:39:34,903 WARNING: Params module.vae.decoder.up.1.block.1.fca.fc.0.weight will not be optimized.
2026-05-18 14:39:34,903 WARNING: Params module.vae.decoder.up.1.block.1.fca.fc.2.weight will not be optimized.
2026-05-18 14:39:34,903 WARNING: Params module.vae.decoder.up.1.block.1.ampconv.0.weight will not be optimized.
2026-05-18 14:39:34,903 WARNING: Params module.vae.decoder.up.1.block.1.ampconv.0.bias will not be optimized.
2026-05-18 14:39:34,904 WARNING: Params module.vae.decoder.up.1.block.1.ampconv.2.weight will not be optimized.
2026-05-18 14:39:34,904 WARNING: Params module.vae.decoder.up.1.block.1.ampconv.2.bias will not be optimized.
2026-05-18 14:39:34,904 WARNING: Params module.vae.decoder.up.1.block.2.norm1.weight will not be optimized.
2026-05-18 14:39:34,904 WARNING: Params module.vae.decoder.up.1.block.2.norm1.bias will not be optimized.
2026-05-18 14:39:34,904 WARNING: Params module.vae.decoder.up.1.block.2.splitconv1.weight will not be optimized.
2026-05-18 14:39:34,904 WARNING: Params module.vae.decoder.up.1.block.2.splitconv1.bias will not be optimized.
2026-05-18 14:39:34,904 WARNING: Params module.vae.decoder.up.1.block.2.splitconv2.weight will not be optimized.
2026-05-18 14:39:34,904 WARNING: Params module.vae.decoder.up.1.block.2.splitconv2.bias will not be optimized.
2026-05-18 14:39:34,904 WARNING: Params module.vae.decoder.up.1.block.2.conv1.depthwise.weight will not be optimized.
2026-05-18 14:39:34,905 WARNING: Params module.vae.decoder.up.1.block.2.conv1.depthwise.bias will not be optimized.
2026-05-18 14:39:34,905 WARNING: Params module.vae.decoder.up.1.block.2.conv1.pointwise.weight will not be optimized.
2026-05-18 14:39:34,905 WARNING: Params module.vae.decoder.up.1.block.2.conv1.pointwise.bias will not be optimized.
2026-05-18 14:39:34,905 WARNING: Params module.vae.decoder.up.1.block.2.norm2.weight will not be optimized.
2026-05-18 14:39:34,905 WARNING: Params module.vae.decoder.up.1.block.2.norm2.bias will not be optimized.
2026-05-18 14:39:34,905 WARNING: Params module.vae.decoder.up.1.block.2.conv2.depthwise.weight will not be optimized.
2026-05-18 14:39:34,905 WARNING: Params module.vae.decoder.up.1.block.2.conv2.depthwise.bias will not be optimized.
2026-05-18 14:39:34,905 WARNING: Params module.vae.decoder.up.1.block.2.conv2.pointwise.weight will not be optimized.
2026-05-18 14:39:34,905 WARNING: Params module.vae.decoder.up.1.block.2.conv2.pointwise.bias will not be optimized.
2026-05-18 14:39:34,905 WARNING: Params module.vae.decoder.up.1.block.2.mergeconv.weight will not be optimized.
2026-05-18 14:39:34,906 WARNING: Params module.vae.decoder.up.1.block.2.mergeconv.bias will not be optimized.
2026-05-18 14:39:34,906 WARNING: Params module.vae.decoder.up.1.block.2.fca.fc.0.weight will not be optimized.
2026-05-18 14:39:34,906 WARNING: Params module.vae.decoder.up.1.block.2.fca.fc.2.weight will not be optimized.
2026-05-18 14:39:34,906 WARNING: Params module.vae.decoder.up.1.block.2.ampconv.0.weight will not be optimized.
2026-05-18 14:39:34,906 WARNING: Params module.vae.decoder.up.1.block.2.ampconv.0.bias will not be optimized.
2026-05-18 14:39:34,906 WARNING: Params module.vae.decoder.up.1.block.2.ampconv.2.weight will not be optimized.
2026-05-18 14:39:34,906 WARNING: Params module.vae.decoder.up.1.block.2.ampconv.2.bias will not be optimized.
2026-05-18 14:39:34,906 WARNING: Params module.vae.decoder.up.1.upsample.Fup.amp_fuse.0.weight will not be optimized.
2026-05-18 14:39:34,906 WARNING: Params module.vae.decoder.up.1.upsample.Fup.amp_fuse.0.bias will not be optimized.
2026-05-18 14:39:34,907 WARNING: Params module.vae.decoder.up.1.upsample.Fup.amp_fuse.2.weight will not be optimized.
2026-05-18 14:39:34,907 WARNING: Params module.vae.decoder.up.1.upsample.Fup.amp_fuse.2.bias will not be optimized.
2026-05-18 14:39:34,907 WARNING: Params module.vae.decoder.up.1.upsample.Fup.pha_fuse.0.weight will not be optimized.
2026-05-18 14:39:34,907 WARNING: Params module.vae.decoder.up.1.upsample.Fup.pha_fuse.0.bias will not be optimized.
2026-05-18 14:39:34,907 WARNING: Params module.vae.decoder.up.1.upsample.Fup.pha_fuse.2.weight will not be optimized.
2026-05-18 14:39:34,907 WARNING: Params module.vae.decoder.up.1.upsample.Fup.pha_fuse.2.bias will not be optimized.
2026-05-18 14:39:34,907 WARNING: Params module.vae.decoder.up.1.upsample.Fup.post.weight will not be optimized.
2026-05-18 14:39:34,907 WARNING: Params module.vae.decoder.up.1.upsample.Fup.post.bias will not be optimized.
2026-05-18 14:39:34,907 WARNING: Params module.vae.decoder.up.1.upsample.fuse.weight will not be optimized.
2026-05-18 14:39:34,907 WARNING: Params module.vae.decoder.up.1.upsample.fuse.bias will not be optimized.
2026-05-18 14:39:34,908 WARNING: Params module.vae.decoder.up.2.block.0.norm1.weight will not be optimized.
2026-05-18 14:39:34,908 WARNING: Params module.vae.decoder.up.2.block.0.norm1.bias will not be optimized.
2026-05-18 14:39:34,908 WARNING: Params module.vae.decoder.up.2.block.0.splitconv1.weight will not be optimized.
2026-05-18 14:39:34,908 WARNING: Params module.vae.decoder.up.2.block.0.splitconv1.bias will not be optimized.
2026-05-18 14:39:34,908 WARNING: Params module.vae.decoder.up.2.block.0.splitconv2.weight will not be optimized.
2026-05-18 14:39:34,908 WARNING: Params module.vae.decoder.up.2.block.0.splitconv2.bias will not be optimized.
2026-05-18 14:39:34,908 WARNING: Params module.vae.decoder.up.2.block.0.conv1.depthwise.weight will not be optimized.
2026-05-18 14:39:34,908 WARNING: Params module.vae.decoder.up.2.block.0.conv1.depthwise.bias will not be optimized.
2026-05-18 14:39:34,908 WARNING: Params module.vae.decoder.up.2.block.0.conv1.pointwise.weight will not be optimized.
2026-05-18 14:39:34,908 WARNING: Params module.vae.decoder.up.2.block.0.conv1.pointwise.bias will not be optimized.
2026-05-18 14:39:34,908 WARNING: Params module.vae.decoder.up.2.block.0.norm2.weight will not be optimized.
2026-05-18 14:39:34,909 WARNING: Params module.vae.decoder.up.2.block.0.norm2.bias will not be optimized.
2026-05-18 14:39:34,909 WARNING: Params module.vae.decoder.up.2.block.0.conv2.depthwise.weight will not be optimized.
2026-05-18 14:39:34,909 WARNING: Params module.vae.decoder.up.2.block.0.conv2.depthwise.bias will not be optimized.
2026-05-18 14:39:34,909 WARNING: Params module.vae.decoder.up.2.block.0.conv2.pointwise.weight will not be optimized.
2026-05-18 14:39:34,909 WARNING: Params module.vae.decoder.up.2.block.0.conv2.pointwise.bias will not be optimized.
2026-05-18 14:39:34,909 WARNING: Params module.vae.decoder.up.2.block.0.mergeconv.weight will not be optimized.
2026-05-18 14:39:34,909 WARNING: Params module.vae.decoder.up.2.block.0.mergeconv.bias will not be optimized.
2026-05-18 14:39:34,909 WARNING: Params module.vae.decoder.up.2.block.0.fca.fc.0.weight will not be optimized.
2026-05-18 14:39:34,909 WARNING: Params module.vae.decoder.up.2.block.0.fca.fc.2.weight will not be optimized.
2026-05-18 14:39:34,910 WARNING: Params module.vae.decoder.up.2.block.0.ampconv.0.weight will not be optimized.
2026-05-18 14:39:34,910 WARNING: Params module.vae.decoder.up.2.block.0.ampconv.0.bias will not be optimized.
2026-05-18 14:39:34,910 WARNING: Params module.vae.decoder.up.2.block.0.ampconv.2.weight will not be optimized.
2026-05-18 14:39:34,910 WARNING: Params module.vae.decoder.up.2.block.0.ampconv.2.bias will not be optimized.
2026-05-18 14:39:34,910 WARNING: Params module.vae.decoder.up.2.block.1.norm1.weight will not be optimized.
2026-05-18 14:39:34,910 WARNING: Params module.vae.decoder.up.2.block.1.norm1.bias will not be optimized.
2026-05-18 14:39:34,910 WARNING: Params module.vae.decoder.up.2.block.1.splitconv1.weight will not be optimized.
2026-05-18 14:39:34,910 WARNING: Params module.vae.decoder.up.2.block.1.splitconv1.bias will not be optimized.
2026-05-18 14:39:34,910 WARNING: Params module.vae.decoder.up.2.block.1.splitconv2.weight will not be optimized.
2026-05-18 14:39:34,911 WARNING: Params module.vae.decoder.up.2.block.1.splitconv2.bias will not be optimized.
2026-05-18 14:39:34,911 WARNING: Params module.vae.decoder.up.2.block.1.conv1.depthwise.weight will not be optimized.
2026-05-18 14:39:34,911 WARNING: Params module.vae.decoder.up.2.block.1.conv1.depthwise.bias will not be optimized.
2026-05-18 14:39:34,911 WARNING: Params module.vae.decoder.up.2.block.1.conv1.pointwise.weight will not be optimized.
2026-05-18 14:39:34,911 WARNING: Params module.vae.decoder.up.2.block.1.conv1.pointwise.bias will not be optimized.
2026-05-18 14:39:34,911 WARNING: Params module.vae.decoder.up.2.block.1.norm2.weight will not be optimized.
2026-05-18 14:39:34,911 WARNING: Params module.vae.decoder.up.2.block.1.norm2.bias will not be optimized.
2026-05-18 14:39:34,911 WARNING: Params module.vae.decoder.up.2.block.1.conv2.depthwise.weight will not be optimized.
2026-05-18 14:39:34,911 WARNING: Params module.vae.decoder.up.2.block.1.conv2.depthwise.bias will not be optimized.
2026-05-18 14:39:34,911 WARNING: Params module.vae.decoder.up.2.block.1.conv2.pointwise.weight will not be optimized.
2026-05-18 14:39:34,912 WARNING: Params module.vae.decoder.up.2.block.1.conv2.pointwise.bias will not be optimized.
2026-05-18 14:39:34,912 WARNING: Params module.vae.decoder.up.2.block.1.mergeconv.weight will not be optimized.
2026-05-18 14:39:34,912 WARNING: Params module.vae.decoder.up.2.block.1.mergeconv.bias will not be optimized.
2026-05-18 14:39:34,912 WARNING: Params module.vae.decoder.up.2.block.1.fca.fc.0.weight will not be optimized.
2026-05-18 14:39:34,912 WARNING: Params module.vae.decoder.up.2.block.1.fca.fc.2.weight will not be optimized.
2026-05-18 14:39:34,912 WARNING: Params module.vae.decoder.up.2.block.1.ampconv.0.weight will not be optimized.
2026-05-18 14:39:34,912 WARNING: Params module.vae.decoder.up.2.block.1.ampconv.0.bias will not be optimized.
2026-05-18 14:39:34,912 WARNING: Params module.vae.decoder.up.2.block.1.ampconv.2.weight will not be optimized.
2026-05-18 14:39:34,912 WARNING: Params module.vae.decoder.up.2.block.1.ampconv.2.bias will not be optimized.
2026-05-18 14:39:34,912 WARNING: Params module.vae.decoder.up.2.block.2.norm1.weight will not be optimized.
2026-05-18 14:39:34,913 WARNING: Params module.vae.decoder.up.2.block.2.norm1.bias will not be optimized.
2026-05-18 14:39:34,913 WARNING: Params module.vae.decoder.up.2.block.2.splitconv1.weight will not be optimized.
2026-05-18 14:39:34,913 WARNING: Params module.vae.decoder.up.2.block.2.splitconv1.bias will not be optimized.
2026-05-18 14:39:34,913 WARNING: Params module.vae.decoder.up.2.block.2.splitconv2.weight will not be optimized.
2026-05-18 14:39:34,913 WARNING: Params module.vae.decoder.up.2.block.2.splitconv2.bias will not be optimized.
2026-05-18 14:39:34,913 WARNING: Params module.vae.decoder.up.2.block.2.conv1.depthwise.weight will not be optimized.
2026-05-18 14:39:34,913 WARNING: Params module.vae.decoder.up.2.block.2.conv1.depthwise.bias will not be optimized.
2026-05-18 14:39:34,913 WARNING: Params module.vae.decoder.up.2.block.2.conv1.pointwise.weight will not be optimized.
2026-05-18 14:39:34,913 WARNING: Params module.vae.decoder.up.2.block.2.conv1.pointwise.bias will not be optimized.
2026-05-18 14:39:34,913 WARNING: Params module.vae.decoder.up.2.block.2.norm2.weight will not be optimized.
2026-05-18 14:39:34,914 WARNING: Params module.vae.decoder.up.2.block.2.norm2.bias will not be optimized.
2026-05-18 14:39:34,914 WARNING: Params module.vae.decoder.up.2.block.2.conv2.depthwise.weight will not be optimized.
2026-05-18 14:39:34,914 WARNING: Params module.vae.decoder.up.2.block.2.conv2.depthwise.bias will not be optimized.
2026-05-18 14:39:34,914 WARNING: Params module.vae.decoder.up.2.block.2.conv2.pointwise.weight will not be optimized.
2026-05-18 14:39:34,914 WARNING: Params module.vae.decoder.up.2.block.2.conv2.pointwise.bias will not be optimized.
2026-05-18 14:39:34,914 WARNING: Params module.vae.decoder.up.2.block.2.mergeconv.weight will not be optimized.
2026-05-18 14:39:34,914 WARNING: Params module.vae.decoder.up.2.block.2.mergeconv.bias will not be optimized.
2026-05-18 14:39:34,914 WARNING: Params module.vae.decoder.up.2.block.2.fca.fc.0.weight will not be optimized.
2026-05-18 14:39:34,914 WARNING: Params module.vae.decoder.up.2.block.2.fca.fc.2.weight will not be optimized.
2026-05-18 14:39:34,914 WARNING: Params module.vae.decoder.up.2.block.2.ampconv.0.weight will not be optimized.
2026-05-18 14:39:34,915 WARNING: Params module.vae.decoder.up.2.block.2.ampconv.0.bias will not be optimized.
2026-05-18 14:39:34,915 WARNING: Params module.vae.decoder.up.2.block.2.ampconv.2.weight will not be optimized.
2026-05-18 14:39:34,915 WARNING: Params module.vae.decoder.up.2.block.2.ampconv.2.bias will not be optimized.
2026-05-18 14:39:34,915 WARNING: Params module.vae.decoder.up.2.attn.0.norm1.body.weight will not be optimized.
2026-05-18 14:39:34,915 WARNING: Params module.vae.decoder.up.2.attn.0.norm1.body.bias will not be optimized.
2026-05-18 14:39:34,915 WARNING: Params module.vae.decoder.up.2.attn.0.attn.temperature will not be optimized.
2026-05-18 14:39:34,915 WARNING: Params module.vae.decoder.up.2.attn.0.attn.qkv.weight will not be optimized.
2026-05-18 14:39:34,915 WARNING: Params module.vae.decoder.up.2.attn.0.attn.qkv_dwconv.weight will not be optimized.
2026-05-18 14:39:34,915 WARNING: Params module.vae.decoder.up.2.attn.0.attn.project_out.weight will not be optimized.
2026-05-18 14:39:34,916 WARNING: Params module.vae.decoder.up.2.attn.0.norm2.body.weight will not be optimized.
2026-05-18 14:39:34,916 WARNING: Params module.vae.decoder.up.2.attn.0.norm2.body.bias will not be optimized.
2026-05-18 14:39:34,916 WARNING: Params module.vae.decoder.up.2.attn.0.ffn.project_in.weight will not be optimized.
2026-05-18 14:39:34,916 WARNING: Params module.vae.decoder.up.2.attn.0.ffn.dwconv.weight will not be optimized.
2026-05-18 14:39:34,916 WARNING: Params module.vae.decoder.up.2.attn.0.ffn.project_out.weight will not be optimized.
2026-05-18 14:39:34,916 WARNING: Params module.vae.decoder.up.2.attn.1.norm1.body.weight will not be optimized.
2026-05-18 14:39:34,916 WARNING: Params module.vae.decoder.up.2.attn.1.norm1.body.bias will not be optimized.
2026-05-18 14:39:34,916 WARNING: Params module.vae.decoder.up.2.attn.1.attn.temperature will not be optimized.
2026-05-18 14:39:34,916 WARNING: Params module.vae.decoder.up.2.attn.1.attn.qkv.weight will not be optimized.
2026-05-18 14:39:34,916 WARNING: Params module.vae.decoder.up.2.attn.1.attn.qkv_dwconv.weight will not be optimized.
2026-05-18 14:39:34,917 WARNING: Params module.vae.decoder.up.2.attn.1.attn.project_out.weight will not be optimized.
2026-05-18 14:39:34,917 WARNING: Params module.vae.decoder.up.2.attn.1.norm2.body.weight will not be optimized.
2026-05-18 14:39:34,917 WARNING: Params module.vae.decoder.up.2.attn.1.norm2.body.bias will not be optimized.
2026-05-18 14:39:34,917 WARNING: Params module.vae.decoder.up.2.attn.1.ffn.project_in.weight will not be optimized.
2026-05-18 14:39:34,917 WARNING: Params module.vae.decoder.up.2.attn.1.ffn.dwconv.weight will not be optimized.
2026-05-18 14:39:34,917 WARNING: Params module.vae.decoder.up.2.attn.1.ffn.project_out.weight will not be optimized.
2026-05-18 14:39:34,917 WARNING: Params module.vae.decoder.up.2.attn.2.norm1.body.weight will not be optimized.
2026-05-18 14:39:34,917 WARNING: Params module.vae.decoder.up.2.attn.2.norm1.body.bias will not be optimized.
2026-05-18 14:39:34,917 WARNING: Params module.vae.decoder.up.2.attn.2.attn.temperature will not be optimized.
2026-05-18 14:39:34,917 WARNING: Params module.vae.decoder.up.2.attn.2.attn.qkv.weight will not be optimized.
2026-05-18 14:39:34,918 WARNING: Params module.vae.decoder.up.2.attn.2.attn.qkv_dwconv.weight will not be optimized.
2026-05-18 14:39:34,918 WARNING: Params module.vae.decoder.up.2.attn.2.attn.project_out.weight will not be optimized.
2026-05-18 14:39:34,918 WARNING: Params module.vae.decoder.up.2.attn.2.norm2.body.weight will not be optimized.
2026-05-18 14:39:34,918 WARNING: Params module.vae.decoder.up.2.attn.2.norm2.body.bias will not be optimized.
2026-05-18 14:39:34,918 WARNING: Params module.vae.decoder.up.2.attn.2.ffn.project_in.weight will not be optimized.
2026-05-18 14:39:34,918 WARNING: Params module.vae.decoder.up.2.attn.2.ffn.dwconv.weight will not be optimized.
2026-05-18 14:39:34,918 WARNING: Params module.vae.decoder.up.2.attn.2.ffn.project_out.weight will not be optimized.
2026-05-18 14:39:34,918 WARNING: Params module.vae.decoder.up.2.upsample.Fup.amp_fuse.0.weight will not be optimized.
2026-05-18 14:39:34,919 WARNING: Params module.vae.decoder.up.2.upsample.Fup.amp_fuse.0.bias will not be optimized.
2026-05-18 14:39:34,919 WARNING: Params module.vae.decoder.up.2.upsample.Fup.amp_fuse.2.weight will not be optimized.
2026-05-18 14:39:34,919 WARNING: Params module.vae.decoder.up.2.upsample.Fup.amp_fuse.2.bias will not be optimized.
2026-05-18 14:39:34,919 WARNING: Params module.vae.decoder.up.2.upsample.Fup.pha_fuse.0.weight will not be optimized.
2026-05-18 14:39:34,919 WARNING: Params module.vae.decoder.up.2.upsample.Fup.pha_fuse.0.bias will not be optimized.
2026-05-18 14:39:34,919 WARNING: Params module.vae.decoder.up.2.upsample.Fup.pha_fuse.2.weight will not be optimized.
2026-05-18 14:39:34,919 WARNING: Params module.vae.decoder.up.2.upsample.Fup.pha_fuse.2.bias will not be optimized.
2026-05-18 14:39:34,919 WARNING: Params module.vae.decoder.up.2.upsample.Fup.post.weight will not be optimized.
2026-05-18 14:39:34,919 WARNING: Params module.vae.decoder.up.2.upsample.Fup.post.bias will not be optimized.
2026-05-18 14:39:34,920 WARNING: Params module.vae.decoder.up.2.upsample.fuse.weight will not be optimized.
2026-05-18 14:39:34,920 WARNING: Params module.vae.decoder.up.2.upsample.fuse.bias will not be optimized.
2026-05-18 14:39:34,920 WARNING: Params module.vae.decoder.up.3.block.0.norm1.weight will not be optimized.
2026-05-18 14:39:34,920 WARNING: Params module.vae.decoder.up.3.block.0.norm1.bias will not be optimized.
2026-05-18 14:39:34,920 WARNING: Params module.vae.decoder.up.3.block.0.splitconv1.weight will not be optimized.
2026-05-18 14:39:34,920 WARNING: Params module.vae.decoder.up.3.block.0.splitconv1.bias will not be optimized.
2026-05-18 14:39:34,920 WARNING: Params module.vae.decoder.up.3.block.0.splitconv2.weight will not be optimized.
2026-05-18 14:39:34,920 WARNING: Params module.vae.decoder.up.3.block.0.splitconv2.bias will not be optimized.
2026-05-18 14:39:34,920 WARNING: Params module.vae.decoder.up.3.block.0.conv1.depthwise.weight will not be optimized.
2026-05-18 14:39:34,920 WARNING: Params module.vae.decoder.up.3.block.0.conv1.depthwise.bias will not be optimized.
2026-05-18 14:39:34,921 WARNING: Params module.vae.decoder.up.3.block.0.conv1.pointwise.weight will not be optimized.
2026-05-18 14:39:34,921 WARNING: Params module.vae.decoder.up.3.block.0.conv1.pointwise.bias will not be optimized.
2026-05-18 14:39:34,921 WARNING: Params module.vae.decoder.up.3.block.0.norm2.weight will not be optimized.
2026-05-18 14:39:34,921 WARNING: Params module.vae.decoder.up.3.block.0.norm2.bias will not be optimized.
2026-05-18 14:39:34,921 WARNING: Params module.vae.decoder.up.3.block.0.conv2.depthwise.weight will not be optimized.
2026-05-18 14:39:34,921 WARNING: Params module.vae.decoder.up.3.block.0.conv2.depthwise.bias will not be optimized.
2026-05-18 14:39:34,921 WARNING: Params module.vae.decoder.up.3.block.0.conv2.pointwise.weight will not be optimized.
2026-05-18 14:39:34,921 WARNING: Params module.vae.decoder.up.3.block.0.conv2.pointwise.bias will not be optimized.
2026-05-18 14:39:34,921 WARNING: Params module.vae.decoder.up.3.block.0.mergeconv.weight will not be optimized.
2026-05-18 14:39:34,922 WARNING: Params module.vae.decoder.up.3.block.0.mergeconv.bias will not be optimized.
2026-05-18 14:39:34,922 WARNING: Params module.vae.decoder.up.3.block.0.fca.fc.0.weight will not be optimized.
2026-05-18 14:39:34,922 WARNING: Params module.vae.decoder.up.3.block.0.fca.fc.2.weight will not be optimized.
2026-05-18 14:39:34,922 WARNING: Params module.vae.decoder.up.3.block.0.ampconv.0.weight will not be optimized.
2026-05-18 14:39:34,922 WARNING: Params module.vae.decoder.up.3.block.0.ampconv.0.bias will not be optimized.
2026-05-18 14:39:34,922 WARNING: Params module.vae.decoder.up.3.block.0.ampconv.2.weight will not be optimized.
2026-05-18 14:39:34,922 WARNING: Params module.vae.decoder.up.3.block.0.ampconv.2.bias will not be optimized.
2026-05-18 14:39:34,922 WARNING: Params module.vae.decoder.up.3.block.1.norm1.weight will not be optimized.
2026-05-18 14:39:34,922 WARNING: Params module.vae.decoder.up.3.block.1.norm1.bias will not be optimized.
2026-05-18 14:39:34,923 WARNING: Params module.vae.decoder.up.3.block.1.splitconv1.weight will not be optimized.
2026-05-18 14:39:34,923 WARNING: Params module.vae.decoder.up.3.block.1.splitconv1.bias will not be optimized.
2026-05-18 14:39:34,923 WARNING: Params module.vae.decoder.up.3.block.1.splitconv2.weight will not be optimized.
2026-05-18 14:39:34,923 WARNING: Params module.vae.decoder.up.3.block.1.splitconv2.bias will not be optimized.
2026-05-18 14:39:34,923 WARNING: Params module.vae.decoder.up.3.block.1.conv1.depthwise.weight will not be optimized.
2026-05-18 14:39:34,923 WARNING: Params module.vae.decoder.up.3.block.1.conv1.depthwise.bias will not be optimized.
2026-05-18 14:39:34,923 WARNING: Params module.vae.decoder.up.3.block.1.conv1.pointwise.weight will not be optimized.
2026-05-18 14:39:34,923 WARNING: Params module.vae.decoder.up.3.block.1.conv1.pointwise.bias will not be optimized.
2026-05-18 14:39:34,923 WARNING: Params module.vae.decoder.up.3.block.1.norm2.weight will not be optimized.
2026-05-18 14:39:34,923 WARNING: Params module.vae.decoder.up.3.block.1.norm2.bias will not be optimized.
2026-05-18 14:39:34,924 WARNING: Params module.vae.decoder.up.3.block.1.conv2.depthwise.weight will not be optimized.
2026-05-18 14:39:34,924 WARNING: Params module.vae.decoder.up.3.block.1.conv2.depthwise.bias will not be optimized.
2026-05-18 14:39:34,924 WARNING: Params module.vae.decoder.up.3.block.1.conv2.pointwise.weight will not be optimized.
2026-05-18 14:39:34,924 WARNING: Params module.vae.decoder.up.3.block.1.conv2.pointwise.bias will not be optimized.
2026-05-18 14:39:34,924 WARNING: Params module.vae.decoder.up.3.block.1.mergeconv.weight will not be optimized.
2026-05-18 14:39:34,924 WARNING: Params module.vae.decoder.up.3.block.1.mergeconv.bias will not be optimized.
2026-05-18 14:39:34,924 WARNING: Params module.vae.decoder.up.3.block.1.fca.fc.0.weight will not be optimized.
2026-05-18 14:39:34,925 WARNING: Params module.vae.decoder.up.3.block.1.fca.fc.2.weight will not be optimized.
2026-05-18 14:39:34,925 WARNING: Params module.vae.decoder.up.3.block.1.ampconv.0.weight will not be optimized.
2026-05-18 14:39:34,925 WARNING: Params module.vae.decoder.up.3.block.1.ampconv.0.bias will not be optimized.
2026-05-18 14:39:34,925 WARNING: Params module.vae.decoder.up.3.block.1.ampconv.2.weight will not be optimized.
2026-05-18 14:39:34,925 WARNING: Params module.vae.decoder.up.3.block.1.ampconv.2.bias will not be optimized.
2026-05-18 14:39:34,925 WARNING: Params module.vae.decoder.up.3.block.2.norm1.weight will not be optimized.
2026-05-18 14:39:34,925 WARNING: Params module.vae.decoder.up.3.block.2.norm1.bias will not be optimized.
2026-05-18 14:39:34,925 WARNING: Params module.vae.decoder.up.3.block.2.splitconv1.weight will not be optimized.
2026-05-18 14:39:34,925 WARNING: Params module.vae.decoder.up.3.block.2.splitconv1.bias will not be optimized.
2026-05-18 14:39:34,926 WARNING: Params module.vae.decoder.up.3.block.2.splitconv2.weight will not be optimized.
2026-05-18 14:39:34,926 WARNING: Params module.vae.decoder.up.3.block.2.splitconv2.bias will not be optimized.
2026-05-18 14:39:34,926 WARNING: Params module.vae.decoder.up.3.block.2.conv1.depthwise.weight will not be optimized.
2026-05-18 14:39:34,926 WARNING: Params module.vae.decoder.up.3.block.2.conv1.depthwise.bias will not be optimized.
2026-05-18 14:39:34,926 WARNING: Params module.vae.decoder.up.3.block.2.conv1.pointwise.weight will not be optimized.
2026-05-18 14:39:34,926 WARNING: Params module.vae.decoder.up.3.block.2.conv1.pointwise.bias will not be optimized.
2026-05-18 14:39:34,926 WARNING: Params module.vae.decoder.up.3.block.2.norm2.weight will not be optimized.
2026-05-18 14:39:34,926 WARNING: Params module.vae.decoder.up.3.block.2.norm2.bias will not be optimized.
2026-05-18 14:39:34,926 WARNING: Params module.vae.decoder.up.3.block.2.conv2.depthwise.weight will not be optimized.
2026-05-18 14:39:34,927 WARNING: Params module.vae.decoder.up.3.block.2.conv2.depthwise.bias will not be optimized.
2026-05-18 14:39:34,927 WARNING: Params module.vae.decoder.up.3.block.2.conv2.pointwise.weight will not be optimized.
2026-05-18 14:39:34,927 WARNING: Params module.vae.decoder.up.3.block.2.conv2.pointwise.bias will not be optimized.
2026-05-18 14:39:34,927 WARNING: Params module.vae.decoder.up.3.block.2.mergeconv.weight will not be optimized.
2026-05-18 14:39:34,927 WARNING: Params module.vae.decoder.up.3.block.2.mergeconv.bias will not be optimized.
2026-05-18 14:39:34,927 WARNING: Params module.vae.decoder.up.3.block.2.fca.fc.0.weight will not be optimized.
2026-05-18 14:39:34,927 WARNING: Params module.vae.decoder.up.3.block.2.fca.fc.2.weight will not be optimized.
2026-05-18 14:39:34,927 WARNING: Params module.vae.decoder.up.3.block.2.ampconv.0.weight will not be optimized.
2026-05-18 14:39:34,927 WARNING: Params module.vae.decoder.up.3.block.2.ampconv.0.bias will not be optimized.
2026-05-18 14:39:34,927 WARNING: Params module.vae.decoder.up.3.block.2.ampconv.2.weight will not be optimized.
2026-05-18 14:39:34,928 WARNING: Params module.vae.decoder.up.3.block.2.ampconv.2.bias will not be optimized.
2026-05-18 14:39:34,928 WARNING: Params module.vae.decoder.up.3.attn.0.norm1.body.weight will not be optimized.
2026-05-18 14:39:34,928 WARNING: Params module.vae.decoder.up.3.attn.0.norm1.body.bias will not be optimized.
2026-05-18 14:39:34,928 WARNING: Params module.vae.decoder.up.3.attn.0.attn.temperature will not be optimized.
2026-05-18 14:39:34,928 WARNING: Params module.vae.decoder.up.3.attn.0.attn.qkv.weight will not be optimized.
2026-05-18 14:39:34,928 WARNING: Params module.vae.decoder.up.3.attn.0.attn.qkv_dwconv.weight will not be optimized.
2026-05-18 14:39:34,928 WARNING: Params module.vae.decoder.up.3.attn.0.attn.project_out.weight will not be optimized.
2026-05-18 14:39:34,928 WARNING: Params module.vae.decoder.up.3.attn.0.norm2.body.weight will not be optimized.
2026-05-18 14:39:34,928 WARNING: Params module.vae.decoder.up.3.attn.0.norm2.body.bias will not be optimized.
2026-05-18 14:39:34,929 WARNING: Params module.vae.decoder.up.3.attn.0.ffn.project_in.weight will not be optimized.
2026-05-18 14:39:34,929 WARNING: Params module.vae.decoder.up.3.attn.0.ffn.dwconv.weight will not be optimized.
2026-05-18 14:39:34,974 WARNING: Params module.vae.decoder.up.3.attn.0.ffn.project_out.weight will not be optimized.
2026-05-18 14:39:34,974 WARNING: Params module.vae.decoder.up.3.attn.1.norm1.body.weight will not be optimized.
2026-05-18 14:39:34,974 WARNING: Params module.vae.decoder.up.3.attn.1.norm1.body.bias will not be optimized.
2026-05-18 14:39:34,974 WARNING: Params module.vae.decoder.up.3.attn.1.attn.temperature will not be optimized.
2026-05-18 14:39:34,974 WARNING: Params module.vae.decoder.up.3.attn.1.attn.qkv.weight will not be optimized.
2026-05-18 14:39:34,975 WARNING: Params module.vae.decoder.up.3.attn.1.attn.qkv_dwconv.weight will not be optimized.
2026-05-18 14:39:34,975 WARNING: Params module.vae.decoder.up.3.attn.1.attn.project_out.weight will not be optimized.
2026-05-18 14:39:34,975 WARNING: Params module.vae.decoder.up.3.attn.1.norm2.body.weight will not be optimized.
2026-05-18 14:39:34,975 WARNING: Params module.vae.decoder.up.3.attn.1.norm2.body.bias will not be optimized.
2026-05-18 14:39:34,975 WARNING: Params module.vae.decoder.up.3.attn.1.ffn.project_in.weight will not be optimized.
2026-05-18 14:39:34,975 WARNING: Params module.vae.decoder.up.3.attn.1.ffn.dwconv.weight will not be optimized.
2026-05-18 14:39:34,975 WARNING: Params module.vae.decoder.up.3.attn.1.ffn.project_out.weight will not be optimized.
2026-05-18 14:39:34,975 WARNING: Params module.vae.decoder.up.3.attn.2.norm1.body.weight will not be optimized.
2026-05-18 14:39:34,975 WARNING: Params module.vae.decoder.up.3.attn.2.norm1.body.bias will not be optimized.
2026-05-18 14:39:34,975 WARNING: Params module.vae.decoder.up.3.attn.2.attn.temperature will not be optimized.
2026-05-18 14:39:34,976 WARNING: Params module.vae.decoder.up.3.attn.2.attn.qkv.weight will not be optimized.
2026-05-18 14:39:34,976 WARNING: Params module.vae.decoder.up.3.attn.2.attn.qkv_dwconv.weight will not be optimized.
2026-05-18 14:39:34,976 WARNING: Params module.vae.decoder.up.3.attn.2.attn.project_out.weight will not be optimized.
2026-05-18 14:39:34,976 WARNING: Params module.vae.decoder.up.3.attn.2.norm2.body.weight will not be optimized.
2026-05-18 14:39:34,976 WARNING: Params module.vae.decoder.up.3.attn.2.norm2.body.bias will not be optimized.
2026-05-18 14:39:34,976 WARNING: Params module.vae.decoder.up.3.attn.2.ffn.project_in.weight will not be optimized.
2026-05-18 14:39:34,976 WARNING: Params module.vae.decoder.up.3.attn.2.ffn.dwconv.weight will not be optimized.
2026-05-18 14:39:34,976 WARNING: Params module.vae.decoder.up.3.attn.2.ffn.project_out.weight will not be optimized.
2026-05-18 14:39:34,976 WARNING: Params module.vae.decoder.up.3.upsample.Fup.amp_fuse.0.weight will not be optimized.
2026-05-18 14:39:34,976 WARNING: Params module.vae.decoder.up.3.upsample.Fup.amp_fuse.0.bias will not be optimized.
2026-05-18 14:39:34,976 WARNING: Params module.vae.decoder.up.3.upsample.Fup.amp_fuse.2.weight will not be optimized.
2026-05-18 14:39:34,976 WARNING: Params module.vae.decoder.up.3.upsample.Fup.amp_fuse.2.bias will not be optimized.
2026-05-18 14:39:34,977 WARNING: Params module.vae.decoder.up.3.upsample.Fup.pha_fuse.0.weight will not be optimized.
2026-05-18 14:39:34,977 WARNING: Params module.vae.decoder.up.3.upsample.Fup.pha_fuse.0.bias will not be optimized.
2026-05-18 14:39:34,977 WARNING: Params module.vae.decoder.up.3.upsample.Fup.pha_fuse.2.weight will not be optimized.
2026-05-18 14:39:34,977 WARNING: Params module.vae.decoder.up.3.upsample.Fup.pha_fuse.2.bias will not be optimized.
2026-05-18 14:39:34,977 WARNING: Params module.vae.decoder.up.3.upsample.Fup.post.weight will not be optimized.
2026-05-18 14:39:34,977 WARNING: Params module.vae.decoder.up.3.upsample.Fup.post.bias will not be optimized.
2026-05-18 14:39:34,977 WARNING: Params module.vae.decoder.up.3.upsample.fuse.weight will not be optimized.
2026-05-18 14:39:34,977 WARNING: Params module.vae.decoder.up.3.upsample.fuse.bias will not be optimized.
2026-05-18 14:39:34,978 WARNING: Params module.vae.decoder.norm_out.weight will not be optimized.
2026-05-18 14:39:34,978 WARNING: Params module.vae.decoder.norm_out.bias will not be optimized.
2026-05-18 14:39:34,978 WARNING: Params module.vae.decoder.conv_out.weight will not be optimized.
2026-05-18 14:39:34,978 WARNING: Params module.vae.decoder.conv_out.bias will not be optimized.
2026-05-18 14:39:34,978 WARNING: Params module.vae.quant_conv.weight will not be optimized.
2026-05-18 14:39:34,978 WARNING: Params module.vae.quant_conv.bias will not be optimized.
2026-05-18 14:39:34,978 WARNING: Params module.vae.post_quant_conv.weight will not be optimized.
2026-05-18 14:39:34,978 WARNING: Params module.vae.post_quant_conv.bias will not be optimized.
2026-05-18 14:39:34,979 WARNING: Params module.rec_block.0.wt_filter will not be optimized.
2026-05-18 14:39:34,979 WARNING: Params module.rec_block.0.iwt_filter will not be optimized.
2026-05-18 14:39:34,979 WARNING: Params module.rec_block.3.wt_filter will not be optimized.
2026-05-18 14:39:34,979 WARNING: Params module.rec_block.3.iwt_filter will not be optimized.
2026-05-18 14:39:35,840 INFO: Model [FeMaSRModel] is created.
2026-05-18 14:40:01,702 INFO: Start training from epoch: 0, iter: 0
2026-05-18 14:41:51,859 INFO: [FcaDr..][epoch:  0, iter:     100, lr:(8.000e-04,)] [eta: 11:58:41, time (data): 1.102 (0.315)] l_pix: 9.6574e-02 l_freq: 4.1722e-01 
2026-05-18 14:43:04,174 INFO: [FcaDr..][epoch:  0, iter:     200, lr:(8.000e-04,)] [eta: 12:05:06, time (data): 0.912 (0.160)] l_pix: 1.1325e-01 l_freq: 3.1727e-01 
2026-05-18 14:44:16,325 INFO: [FcaDr..][epoch:  0, iter:     300, lr:(8.000e-04,)] [eta: 12:05:54, time (data): 0.722 (0.005)] l_pix: 7.5226e-02 l_freq: 5.3293e-01 
2026-05-18 14:45:28,763 INFO: [FcaDr..][epoch:  0, iter:     400, lr:(8.000e-04,)] [eta: 12:06:25, time (data): 0.723 (0.005)] l_pix: 1.0590e-01 l_freq: 3.4630e-01 
2026-05-18 14:46:41,452 INFO: [FcaDr..][epoch:  0, iter:     500, lr:(8.000e-04,)] [eta: 12:06:46, time (data): 0.727 (0.005)] l_pix: 1.3060e-01 l_freq: 4.3961e-01 
2026-05-18 14:48:22,998 INFO: [FcaDr..][epoch:  1, iter:     600, lr:(8.000e-04,)] [eta: 12:54:55, time (data): 0.873 (0.153)] l_pix: 7.3667e-02 l_freq: 4.5536e-01 
2026-05-18 14:49:32,045 INFO: [FcaDr..][epoch:  1, iter:     700, lr:(8.000e-04,)] [eta: 12:42:16, time (data): 0.690 (0.003)] l_pix: 1.0134e-01 l_freq: 5.6912e-01 
2026-05-18 14:50:41,208 INFO: [FcaDr..][epoch:  1, iter:     800, lr:(8.000e-04,)] [eta: 12:32:37, time (data): 0.691 (0.004)] l_pix: 7.4409e-02 l_freq: 5.1476e-01 
2026-05-18 14:51:49,677 INFO: [FcaDr..][epoch:  1, iter:     900, lr:(8.000e-04,)] [eta: 12:24:06, time (data): 0.685 (0.003)] l_pix: 1.3414e-01 l_freq: 2.6853e-01 
2026-05-18 14:52:58,969 INFO: [FcaDr..][epoch:  1, iter:   1,000, lr:(8.000e-04,)] [eta: 12:17:52, time (data): 0.689 (0.003)] l_pix: 7.5207e-02 l_freq: 6.7598e-01 
2026-05-18 14:54:38,291 INFO: [FcaDr..][epoch:  2, iter:   1,100, lr:(8.000e-04,)] [eta: 12:39:47, time (data): 0.688 (0.003)] l_pix: 9.8460e-02 l_freq: 3.6161e-01 
2026-05-18 14:55:46,016 INFO: [FcaDr..][epoch:  2, iter:   1,200, lr:(8.000e-04,)] [eta: 12:31:34, time (data): 0.682 (0.003)] l_pix: 1.4312e-01 l_freq: 5.7481e-01 
2026-05-18 14:56:54,852 INFO: [FcaDr..][epoch:  2, iter:   1,300, lr:(8.000e-04,)] [eta: 12:25:17, time (data): 0.688 (0.003)] l_pix: 1.0730e-01 l_freq: 5.5174e-01 
2026-05-18 14:58:04,266 INFO: [FcaDr..][epoch:  2, iter:   1,400, lr:(8.000e-04,)] [eta: 12:20:08, time (data): 0.691 (0.003)] l_pix: 5.1433e-02 l_freq: 4.8145e-01 
2026-05-18 14:59:14,175 INFO: [FcaDr..][epoch:  2, iter:   1,500, lr:(8.000e-04,)] [eta: 12:15:51, time (data): 0.698 (0.004)] l_pix: 7.1061e-02 l_freq: 3.5086e-01 
2026-05-18 15:00:54,468 INFO: [FcaDr..][epoch:  3, iter:   1,600, lr:(8.000e-04,)] [eta: 12:30:45, time (data): 0.856 (0.152)] l_pix: 1.0415e-01 l_freq: 3.0402e-01 
2026-05-18 15:02:02,201 INFO: [FcaDr..][epoch:  3, iter:   1,700, lr:(8.000e-04,)] [eta: 12:24:47, time (data): 0.677 (0.003)] l_pix: 1.1638e-01 l_freq: 4.0773e-01 
2026-05-18 15:03:11,225 INFO: [FcaDr..][epoch:  3, iter:   1,800, lr:(8.000e-04,)] [eta: 12:20:03, time (data): 0.684 (0.003)] l_pix: 6.9396e-02 l_freq: 4.4176e-01 
2026-05-18 15:04:20,306 INFO: [FcaDr..][epoch:  3, iter:   1,900, lr:(8.000e-04,)] [eta: 12:15:44, time (data): 0.690 (0.003)] l_pix: 1.2858e-01 l_freq: 3.9770e-01 
2026-05-18 15:05:30,343 INFO: [FcaDr..][epoch:  3, iter:   2,000, lr:(8.000e-04,)] [eta: 12:12:12, time (data): 0.695 (0.004)] l_pix: 1.2507e-01 l_freq: 1.9796e-01 
2026-05-18 15:07:10,898 INFO: [FcaDr..][epoch:  4, iter:   2,100, lr:(8.000e-04,)] [eta: 12:23:09, time (data): 0.691 (0.003)] l_pix: 1.0652e-01 l_freq: 2.0852e-01 
2026-05-18 15:08:20,058 INFO: [FcaDr..][epoch:  4, iter:   2,200, lr:(8.000e-04,)] [eta: 12:18:58, time (data): 0.691 (0.004)] l_pix: 7.8338e-02 l_freq: 3.8581e-01 
2026-05-18 15:09:28,816 INFO: [FcaDr..][epoch:  4, iter:   2,300, lr:(8.000e-04,)] [eta: 12:14:53, time (data): 0.687 (0.003)] l_pix: 1.1769e-01 l_freq: 5.0233e-01 
2026-05-18 15:10:37,968 INFO: [FcaDr..][epoch:  4, iter:   2,400, lr:(8.000e-04,)] [eta: 12:11:12, time (data): 0.690 (0.004)] l_pix: 5.9451e-02 l_freq: 6.1806e-01 
2026-05-18 15:11:48,273 INFO: [FcaDr..][epoch:  4, iter:   2,500, lr:(8.000e-04,)] [eta: 12:08:11, time (data): 0.705 (0.004)] l_pix: 8.8197e-02 l_freq: 2.2567e-01 
2026-05-18 15:13:29,544 INFO: [FcaDr..][epoch:  5, iter:   2,600, lr:(8.000e-04,)] [eta: 12:16:53, time (data): 0.869 (0.148)] l_pix: 9.4440e-02 l_freq: 4.4281e-01 
2026-05-18 15:14:38,508 INFO: [FcaDr..][epoch:  5, iter:   2,700, lr:(7.999e-04,)] [eta: 12:13:12, time (data): 0.691 (0.004)] l_pix: 5.1512e-02 l_freq: 2.2459e-01 
2026-05-18 15:15:48,498 INFO: [FcaDr..][epoch:  5, iter:   2,800, lr:(7.999e-04,)] [eta: 12:10:03, time (data): 0.696 (0.004)] l_pix: 1.0640e-01 l_freq: 4.2198e-01 
2026-05-18 15:16:57,047 INFO: [FcaDr..][epoch:  5, iter:   2,900, lr:(7.999e-04,)] [eta: 12:06:33, time (data): 0.684 (0.003)] l_pix: 5.1031e-02 l_freq: 3.6436e-01 
2026-05-18 15:18:07,141 INFO: [FcaDr..][epoch:  5, iter:   3,000, lr:(7.999e-04,)] [eta: 12:03:42, time (data): 0.693 (0.004)] l_pix: 6.2366e-02 l_freq: 3.2119e-01 
2026-05-18 15:18:07,141 INFO: Only support single GPU validation.
2026-05-18 15:32:53,136 INFO: Validation General_Image_Valid
	 # psnr: 21.5122	Best: -inf @ -1 iter
	 # ssim: 0.8802	Best: 0.8802 @ 3000 iter

2026-05-18 15:34:46,017 INFO: [FcaDr..][epoch:  6, iter:   3,100, lr:(7.998e-04,)] [eta: 16:50:00, time (data): 0.700 (0.004)] l_pix: 6.2341e-02 l_freq: 4.0373e-01 
2026-05-18 15:35:55,151 INFO: [FcaDr..][epoch:  6, iter:   3,200, lr:(7.998e-04,)] [eta: 16:37:33, time (data): 0.695 (0.004)] l_pix: 4.5348e-02 l_freq: 4.8886e-01 
2026-05-18 15:37:04,292 INFO: [FcaDr..][epoch:  6, iter:   3,300, lr:(7.998e-04,)] [eta: 16:25:48, time (data): 0.689 (0.004)] l_pix: 1.1738e-01 l_freq: 3.6374e-01 
2026-05-18 15:38:12,936 INFO: [FcaDr..][epoch:  6, iter:   3,400, lr:(7.997e-04,)] [eta: 16:14:32, time (data): 0.688 (0.004)] l_pix: 7.7872e-02 l_freq: 3.7334e-01 
2026-05-18 15:39:22,020 INFO: [FcaDr..][epoch:  6, iter:   3,500, lr:(7.997e-04,)] [eta: 16:03:58, time (data): 0.696 (0.004)] l_pix: 1.1907e-01 l_freq: 4.4831e-01 
2026-05-18 15:41:01,744 INFO: [FcaDr..][epoch:  7, iter:   3,600, lr:(7.996e-04,)] [eta: 16:02:04, time (data): 0.861 (0.155)] l_pix: 9.9298e-02 l_freq: 3.5450e-01 
2026-05-18 15:42:11,521 INFO: [FcaDr..][epoch:  7, iter:   3,700, lr:(7.996e-04,)] [eta: 15:52:26, time (data): 0.697 (0.004)] l_pix: 6.4787e-02 l_freq: 4.4444e-01 
2026-05-18 15:43:20,232 INFO: [FcaDr..][epoch:  7, iter:   3,800, lr:(7.996e-04,)] [eta: 15:43:00, time (data): 0.692 (0.003)] l_pix: 5.5207e-02 l_freq: 3.6627e-01 
2026-05-18 15:44:29,026 INFO: [FcaDr..][epoch:  7, iter:   3,900, lr:(7.995e-04,)] [eta: 15:34:00, time (data): 0.687 (0.003)] l_pix: 7.4544e-02 l_freq: 2.2888e-01 
2026-05-18 15:45:38,721 INFO: [FcaDr..][epoch:  7, iter:   4,000, lr:(7.995e-04,)] [eta: 15:25:37, time (data): 0.692 (0.004)] l_pix: 4.5279e-02 l_freq: 1.9686e-01 
2026-05-18 15:47:18,098 INFO: [FcaDr..][epoch:  8, iter:   4,100, lr:(7.994e-04,)] [eta: 15:24:26, time (data): 0.689 (0.003)] l_pix: 1.3305e-01 l_freq: 4.2884e-01 
2026-05-18 15:48:26,889 INFO: [FcaDr..][epoch:  8, iter:   4,200, lr:(7.993e-04,)] [eta: 15:16:21, time (data): 0.688 (0.003)] l_pix: 1.5274e-01 l_freq: 5.4060e-01 
2026-05-18 15:49:35,510 INFO: [FcaDr..][epoch:  8, iter:   4,300, lr:(7.993e-04,)] [eta: 15:08:32, time (data): 0.686 (0.004)] l_pix: 9.9707e-02 l_freq: 3.3405e-01 
2026-05-18 15:50:44,291 INFO: [FcaDr..][epoch:  8, iter:   4,400, lr:(7.992e-04,)] [eta: 15:01:04, time (data): 0.687 (0.003)] l_pix: 3.7479e-02 l_freq: 2.5332e-01 
2026-05-18 15:51:53,834 INFO: [FcaDr..][epoch:  8, iter:   4,500, lr:(7.991e-04,)] [eta: 14:54:03, time (data): 0.696 (0.004)] l_pix: 9.3956e-02 l_freq: 2.8703e-01 
2026-05-18 15:53:33,751 INFO: [FcaDr..][epoch:  9, iter:   4,600, lr:(7.991e-04,)] [eta: 14:53:29, time (data): 0.866 (0.160)] l_pix: 8.5990e-02 l_freq: 3.2813e-01 
2026-05-18 15:54:42,582 INFO: [FcaDr..][epoch:  9, iter:   4,700, lr:(7.990e-04,)] [eta: 14:46:40, time (data): 0.688 (0.004)] l_pix: 1.1807e-01 l_freq: 3.3003e-01 
2026-05-18 15:55:51,861 INFO: [FcaDr..][epoch:  9, iter:   4,800, lr:(7.989e-04,)] [eta: 14:40:10, time (data): 0.691 (0.004)] l_pix: 7.0489e-02 l_freq: 4.4223e-01 
2026-05-18 15:57:01,337 INFO: [FcaDr..][epoch:  9, iter:   4,900, lr:(7.988e-04,)] [eta: 14:33:56, time (data): 0.698 (0.004)] l_pix: 6.7340e-02 l_freq: 5.2528e-01 
2026-05-18 15:58:11,483 INFO: [FcaDr..][epoch:  9, iter:   5,000, lr:(7.988e-04,)] [eta: 14:28:01, time (data): 0.700 (0.004)] l_pix: 4.2380e-02 l_freq: 3.8440e-01 
2026-05-18 15:58:11,484 INFO: Saving models and training states.
2026-05-18 15:59:52,255 INFO: [FcaDr..][epoch: 10, iter:   5,100, lr:(7.987e-04,)] [eta: 14:27:53, time (data): 0.696 (0.004)] l_pix: 8.6738e-02 l_freq: 2.8506e-01 
2026-05-18 16:01:00,585 INFO: [FcaDr..][epoch: 10, iter:   5,200, lr:(7.986e-04,)] [eta: 14:21:54, time (data): 0.689 (0.003)] l_pix: 6.6418e-02 l_freq: 2.4342e-01 
2026-05-18 16:02:10,333 INFO: [FcaDr..][epoch: 10, iter:   5,300, lr:(7.985e-04,)] [eta: 14:16:20, time (data): 0.701 (0.004)] l_pix: 8.8501e-02 l_freq: 4.3754e-01 
2026-05-18 16:03:18,623 INFO: [FcaDr..][epoch: 10, iter:   5,400, lr:(7.984e-04,)] [eta: 14:10:41, time (data): 0.690 (0.004)] l_pix: 6.7788e-02 l_freq: 2.3642e-01 
2026-05-18 16:04:28,683 INFO: [FcaDr..][epoch: 10, iter:   5,500, lr:(7.983e-04,)] [eta: 14:05:30, time (data): 0.699 (0.004)] l_pix: 8.9742e-02 l_freq: 2.5111e-01 
2026-05-18 16:06:07,840 INFO: [FcaDr..][epoch: 11, iter:   5,600, lr:(7.982e-04,)] [eta: 14:05:15, time (data): 0.868 (0.156)] l_pix: 1.2309e-01 l_freq: 2.9746e-01 
2026-05-18 16:07:16,106 INFO: [FcaDr..][epoch: 11, iter:   5,700, lr:(7.981e-04,)] [eta: 13:59:58, time (data): 0.683 (0.003)] l_pix: 1.0029e-01 l_freq: 5.6324e-01 
2026-05-18 16:08:24,372 INFO: [FcaDr..][epoch: 11, iter:   5,800, lr:(7.980e-04,)] [eta: 13:54:49, time (data): 0.683 (0.003)] l_pix: 6.2983e-02 l_freq: 5.9710e-01 
2026-05-18 16:09:32,899 INFO: [FcaDr..][epoch: 11, iter:   5,900, lr:(7.979e-04,)] [eta: 13:49:51, time (data): 0.682 (0.003)] l_pix: 8.8581e-02 l_freq: 2.6653e-01 
2026-05-18 16:10:41,887 INFO: [FcaDr..][epoch: 11, iter:   6,000, lr:(7.978e-04,)] [eta: 13:45:05, time (data): 0.687 (0.003)] l_pix: 9.3704e-02 l_freq: 2.6309e-01 
2026-05-18 16:10:41,888 INFO: Only support single GPU validation.
2026-05-18 16:25:15,515 INFO: Validation General_Image_Valid
	 # psnr: 21.5910	Best: -inf @ -1 iter
	 # ssim: 0.8918	Best: 0.8918 @ 6000 iter

2026-05-18 16:27:13,471 INFO: [FcaDr..][epoch: 12, iter:   6,100, lr:(7.977e-04,)] [eta: 15:58:47, time (data): 0.683 (0.003)] l_pix: 6.0689e-02 l_freq: 3.4696e-01 
2026-05-18 16:28:22,131 INFO: [FcaDr..][epoch: 12, iter:   6,200, lr:(7.976e-04,)] [eta: 15:51:43, time (data): 0.685 (0.003)] l_pix: 4.2443e-02 l_freq: 5.7428e-01 
2026-05-18 16:29:30,063 INFO: [FcaDr..][epoch: 12, iter:   6,300, lr:(7.975e-04,)] [eta: 15:44:44, time (data): 0.676 (0.003)] l_pix: 7.3553e-02 l_freq: 3.0444e-01 
2026-05-18 16:30:38,241 INFO: [FcaDr..][epoch: 12, iter:   6,400, lr:(7.974e-04,)] [eta: 15:37:58, time (data): 0.679 (0.003)] l_pix: 5.5017e-02 l_freq: 3.0615e-01 
2026-05-18 16:31:47,593 INFO: [FcaDr..][epoch: 12, iter:   6,500, lr:(7.972e-04,)] [eta: 15:31:32, time (data): 0.698 (0.004)] l_pix: 5.5477e-02 l_freq: 3.6444e-01 
2026-05-18 16:33:26,754 INFO: [FcaDr..][epoch: 13, iter:   6,600, lr:(7.971e-04,)] [eta: 15:29:22, time (data): 0.873 (0.169)] l_pix: 1.2464e-01 l_freq: 3.4313e-01 
2026-05-18 16:34:34,743 INFO: [FcaDr..][epoch: 13, iter:   6,700, lr:(7.970e-04,)] [eta: 15:22:59, time (data): 0.677 (0.003)] l_pix: 9.8156e-02 l_freq: 3.9755e-01 
2026-05-18 16:35:43,147 INFO: [FcaDr..][epoch: 13, iter:   6,800, lr:(7.968e-04,)] [eta: 15:16:50, time (data): 0.681 (0.003)] l_pix: 1.5738e-01 l_freq: 4.2919e-01 
2026-05-18 16:36:50,707 INFO: [FcaDr..][epoch: 13, iter:   6,900, lr:(7.967e-04,)] [eta: 15:10:42, time (data): 0.672 (0.003)] l_pix: 7.7986e-02 l_freq: 4.0200e-01 
2026-05-18 16:38:00,026 INFO: [FcaDr..][epoch: 13, iter:   7,000, lr:(7.966e-04,)] [eta: 15:04:57, time (data): 0.685 (0.003)] l_pix: 7.3925e-02 l_freq: 4.4075e-01 
2026-05-18 16:39:39,516 INFO: [FcaDr..][epoch: 14, iter:   7,100, lr:(7.964e-04,)] [eta: 15:03:08, time (data): 0.691 (0.003)] l_pix: 8.5281e-02 l_freq: 2.4203e-01 
2026-05-18 16:40:48,134 INFO: [FcaDr..][epoch: 14, iter:   7,200, lr:(7.963e-04,)] [eta: 14:57:29, time (data): 0.688 (0.004)] l_pix: 1.2234e-01 l_freq: 4.0330e-01 
2026-05-18 16:41:57,872 INFO: [FcaDr..][epoch: 14, iter:   7,300, lr:(7.962e-04,)] [eta: 14:52:06, time (data): 0.688 (0.004)] l_pix: 8.9867e-02 l_freq: 6.0844e-01 
2026-05-18 16:43:07,117 INFO: [FcaDr..][epoch: 14, iter:   7,400, lr:(7.960e-04,)] [eta: 14:46:46, time (data): 0.691 (0.004)] l_pix: 1.1713e-01 l_freq: 3.4088e-01 
2026-05-18 16:44:15,983 INFO: [FcaDr..][epoch: 14, iter:   7,500, lr:(7.959e-04,)] [eta: 14:41:30, time (data): 0.693 (0.004)] l_pix: 6.1872e-02 l_freq: 1.5425e-01 
2026-05-18 16:45:55,248 INFO: [FcaDr..][epoch: 15, iter:   7,600, lr:(7.957e-04,)] [eta: 14:39:54, time (data): 0.877 (0.169)] l_pix: 5.9657e-02 l_freq: 2.2706e-01 
2026-05-18 16:47:03,640 INFO: [FcaDr..][epoch: 15, iter:   7,700, lr:(7.956e-04,)] [eta: 14:34:44, time (data): 0.685 (0.004)] l_pix: 6.9095e-02 l_freq: 5.1646e-01 
2026-05-18 16:48:12,522 INFO: [FcaDr..][epoch: 15, iter:   7,800, lr:(7.954e-04,)] [eta: 14:29:44, time (data): 0.687 (0.004)] l_pix: 9.3913e-02 l_freq: 5.1108e-01 
2026-05-18 16:49:21,978 INFO: [FcaDr..][epoch: 15, iter:   7,900, lr:(7.952e-04,)] [eta: 14:24:53, time (data): 0.687 (0.003)] l_pix: 4.7255e-02 l_freq: 6.7384e-01 
2026-05-18 16:50:30,999 INFO: [FcaDr..][epoch: 15, iter:   8,000, lr:(7.951e-04,)] [eta: 14:20:05, time (data): 0.689 (0.003)] l_pix: 9.1234e-02 l_freq: 1.8774e-01 
2026-05-18 16:52:09,314 INFO: [FcaDr..][epoch: 16, iter:   8,100, lr:(7.949e-04,)] [eta: 14:18:34, time (data): 0.684 (0.003)] l_pix: 9.0524e-02 l_freq: 3.2095e-01 
2026-05-18 16:53:17,660 INFO: [FcaDr..][epoch: 16, iter:   8,200, lr:(7.947e-04,)] [eta: 14:13:50, time (data): 0.684 (0.003)] l_pix: 8.7972e-02 l_freq: 3.0632e-01 
2026-05-18 16:54:26,192 INFO: [FcaDr..][epoch: 16, iter:   8,300, lr:(7.946e-04,)] [eta: 14:09:12, time (data): 0.681 (0.003)] l_pix: 9.5697e-02 l_freq: 3.0286e-01 
2026-05-18 16:55:35,143 INFO: [FcaDr..][epoch: 16, iter:   8,400, lr:(7.944e-04,)] [eta: 14:04:41, time (data): 0.686 (0.004)] l_pix: 2.0050e-01 l_freq: 3.2494e-01 
2026-05-18 16:56:44,649 INFO: [FcaDr..][epoch: 16, iter:   8,500, lr:(7.942e-04,)] [eta: 14:00:19, time (data): 0.701 (0.004)] l_pix: 8.1895e-02 l_freq: 2.7467e-01 
2026-05-18 16:58:24,030 INFO: [FcaDr..][epoch: 17, iter:   8,600, lr:(7.940e-04,)] [eta: 13:59:04, time (data): 0.886 (0.176)] l_pix: 9.0298e-02 l_freq: 3.5568e-01 
2026-05-18 16:59:32,135 INFO: [FcaDr..][epoch: 17, iter:   8,700, lr:(7.939e-04,)] [eta: 13:54:39, time (data): 0.685 (0.004)] l_pix: 1.6776e-01 l_freq: 3.5048e-01 
2026-05-18 17:00:41,859 INFO: [FcaDr..][epoch: 17, iter:   8,800, lr:(7.937e-04,)] [eta: 13:50:29, time (data): 0.693 (0.004)] l_pix: 5.0463e-02 l_freq: 2.8144e-01 
2026-05-18 17:01:50,061 INFO: [FcaDr..][epoch: 17, iter:   8,900, lr:(7.935e-04,)] [eta: 13:46:14, time (data): 0.680 (0.003)] l_pix: 7.3157e-02 l_freq: 3.9235e-01 
2026-05-18 17:02:59,377 INFO: [FcaDr..][epoch: 17, iter:   9,000, lr:(7.933e-04,)] [eta: 13:42:10, time (data): 0.688 (0.004)] l_pix: 1.5296e-01 l_freq: 3.2652e-01 
2026-05-18 17:02:59,377 INFO: Only support single GPU validation.
2026-05-18 17:17:33,895 INFO: Validation General_Image_Valid
	 # psnr: 21.6039	Best: -inf @ -1 iter
	 # ssim: 0.8916	Best: 0.8918 @ 6000 iter

2026-05-18 17:19:34,318 INFO: [FcaDr..][epoch: 18, iter:   9,100, lr:(7.931e-04,)] [eta: 15:06:08, time (data): 0.695 (0.004)] l_pix: 7.3906e-02 l_freq: 2.8040e-01 
2026-05-18 17:20:42,103 INFO: [FcaDr..][epoch: 18, iter:   9,200, lr:(7.929e-04,)] [eta: 15:00:55, time (data): 0.684 (0.003)] l_pix: 5.9018e-02 l_freq: 2.9145e-01 
2026-05-18 17:21:50,340 INFO: [FcaDr..][epoch: 18, iter:   9,300, lr:(7.927e-04,)] [eta: 14:55:50, time (data): 0.682 (0.003)] l_pix: 6.4920e-02 l_freq: 4.7047e-01 
2026-05-18 17:22:59,462 INFO: [FcaDr..][epoch: 18, iter:   9,400, lr:(7.925e-04,)] [eta: 14:50:54, time (data): 0.688 (0.004)] l_pix: 6.7747e-02 l_freq: 5.4789e-01 
2026-05-18 17:24:08,599 INFO: [FcaDr..][epoch: 18, iter:   9,500, lr:(7.923e-04,)] [eta: 14:46:04, time (data): 0.705 (0.004)] l_pix: 7.4195e-02 l_freq: 3.0259e-01 
2026-05-18 17:25:48,076 INFO: [FcaDr..][epoch: 19, iter:   9,600, lr:(7.921e-04,)] [eta: 14:44:01, time (data): 0.894 (0.175)] l_pix: 1.4706e-01 l_freq: 5.7106e-01 
2026-05-18 17:26:56,633 INFO: [FcaDr..][epoch: 19, iter:   9,700, lr:(7.919e-04,)] [eta: 14:39:14, time (data): 0.683 (0.003)] l_pix: 1.0357e-01 l_freq: 3.6520e-01 
2026-05-18 17:28:05,359 INFO: [FcaDr..][epoch: 19, iter:   9,800, lr:(7.917e-04,)] [eta: 14:34:33, time (data): 0.686 (0.003)] l_pix: 6.7993e-02 l_freq: 3.4207e-01 
2026-05-18 17:29:14,588 INFO: [FcaDr..][epoch: 19, iter:   9,900, lr:(7.915e-04,)] [eta: 14:29:59, time (data): 0.695 (0.004)] l_pix: 8.6985e-02 l_freq: 3.0407e-01 
2026-05-18 17:30:24,670 INFO: [FcaDr..][epoch: 19, iter:  10,000, lr:(7.913e-04,)] [eta: 14:25:33, time (data): 0.699 (0.004)] l_pix: 1.0885e-01 l_freq: 2.6873e-01 
2026-05-18 17:30:24,671 INFO: Saving models and training states.
2026-05-18 17:32:04,830 INFO: [FcaDr..][epoch: 20, iter:  10,100, lr:(7.910e-04,)] [eta: 14:23:43, time (data): 0.691 (0.003)] l_pix: 7.0418e-02 l_freq: 3.1771e-01 
2026-05-18 17:33:13,874 INFO: [FcaDr..][epoch: 20, iter:  10,200, lr:(7.908e-04,)] [eta: 14:19:18, time (data): 0.691 (0.004)] l_pix: 8.2146e-02 l_freq: 3.9961e-01 
2026-05-18 17:34:23,210 INFO: [FcaDr..][epoch: 20, iter:  10,300, lr:(7.906e-04,)] [eta: 14:14:58, time (data): 0.698 (0.004)] l_pix: 8.6262e-02 l_freq: 3.8100e-01 
2026-05-18 17:35:32,351 INFO: [FcaDr..][epoch: 20, iter:  10,400, lr:(7.904e-04,)] [eta: 14:10:41, time (data): 0.694 (0.004)] l_pix: 9.6099e-02 l_freq: 3.3036e-01 
2026-05-18 17:36:41,677 INFO: [FcaDr..][epoch: 20, iter:  10,500, lr:(7.901e-04,)] [eta: 14:06:29, time (data): 0.702 (0.004)] l_pix: 4.2599e-02 l_freq: 2.2120e-01 
2026-05-18 17:38:21,155 INFO: [FcaDr..][epoch: 21, iter:  10,600, lr:(7.899e-04,)] [eta: 14:04:43, time (data): 0.900 (0.182)] l_pix: 1.5456e-01 l_freq: 2.0467e-01 
2026-05-18 17:39:30,028 INFO: [FcaDr..][epoch: 21, iter:  10,700, lr:(7.897e-04,)] [eta: 14:00:33, time (data): 0.686 (0.003)] l_pix: 6.6315e-02 l_freq: 4.1333e-01 
2026-05-18 17:40:39,133 INFO: [FcaDr..][epoch: 21, iter:  10,800, lr:(7.894e-04,)] [eta: 13:56:28, time (data): 0.689 (0.004)] l_pix: 1.1352e-01 l_freq: 4.9813e-01 
2026-05-18 17:41:48,523 INFO: [FcaDr..][epoch: 21, iter:  10,900, lr:(7.892e-04,)] [eta: 13:52:28, time (data): 0.689 (0.003)] l_pix: 1.3389e-01 l_freq: 4.0837e-01 
2026-05-18 17:42:58,178 INFO: [FcaDr..][epoch: 21, iter:  11,000, lr:(7.890e-04,)] [eta: 13:48:31, time (data): 0.694 (0.004)] l_pix: 1.0075e-01 l_freq: 3.9617e-01 
2026-05-18 17:44:37,547 INFO: [FcaDr..][epoch: 22, iter:  11,100, lr:(7.887e-04,)] [eta: 13:46:52, time (data): 0.690 (0.003)] l_pix: 9.4031e-02 l_freq: 3.9276e-01 
2026-05-18 17:45:46,398 INFO: [FcaDr..][epoch: 22, iter:  11,200, lr:(7.885e-04,)] [eta: 13:42:56, time (data): 0.689 (0.003)] l_pix: 9.2692e-02 l_freq: 3.3314e-01 
2026-05-18 17:46:55,681 INFO: [FcaDr..][epoch: 22, iter:  11,300, lr:(7.882e-04,)] [eta: 13:39:06, time (data): 0.687 (0.004)] l_pix: 1.3863e-01 l_freq: 4.5823e-01 
2026-05-18 17:48:04,701 INFO: [FcaDr..][epoch: 22, iter:  11,400, lr:(7.880e-04,)] [eta: 13:35:17, time (data): 0.689 (0.004)] l_pix: 1.4792e-01 l_freq: 4.3978e-01 
2026-05-18 17:49:14,926 INFO: [FcaDr..][epoch: 22, iter:  11,500, lr:(7.877e-04,)] [eta: 13:31:36, time (data): 0.700 (0.004)] l_pix: 6.8420e-02 l_freq: 5.9143e-01 
2026-05-18 17:50:54,007 INFO: [FcaDr..][epoch: 23, iter:  11,600, lr:(7.874e-04,)] [eta: 13:30:01, time (data): 0.903 (0.192)] l_pix: 4.4195e-02 l_freq: 1.9932e-01 
2026-05-18 17:52:03,510 INFO: [FcaDr..][epoch: 23, iter:  11,700, lr:(7.872e-04,)] [eta: 13:26:21, time (data): 0.693 (0.004)] l_pix: 6.4978e-02 l_freq: 3.8445e-01 
2026-05-18 17:53:13,110 INFO: [FcaDr..][epoch: 23, iter:  11,800, lr:(7.869e-04,)] [eta: 13:22:44, time (data): 0.695 (0.004)] l_pix: 5.6729e-02 l_freq: 4.5211e-01 
2026-05-18 17:54:22,638 INFO: [FcaDr..][epoch: 23, iter:  11,900, lr:(7.866e-04,)] [eta: 13:19:09, time (data): 0.695 (0.004)] l_pix: 9.6851e-02 l_freq: 2.3408e-01 
2026-05-18 17:55:32,941 INFO: [FcaDr..][epoch: 23, iter:  12,000, lr:(7.864e-04,)] [eta: 13:15:39, time (data): 0.701 (0.004)] l_pix: 1.0307e-01 l_freq: 2.1331e-01 
2026-05-18 17:55:32,944 INFO: Only support single GPU validation.
2026-05-18 18:10:08,295 INFO: Validation General_Image_Valid
	 # psnr: 20.4101	Best: -inf @ -1 iter
	 # ssim: 0.8819	Best: 0.8918 @ 6000 iter

2026-05-18 18:12:05,851 INFO: [FcaDr..][epoch: 24, iter:  12,100, lr:(7.861e-04,)] [eta: 14:14:20, time (data): 0.686 (0.003)] l_pix: 7.4310e-02 l_freq: 4.7163e-01 
2026-05-18 18:13:14,551 INFO: [FcaDr..][epoch: 24, iter:  12,200, lr:(7.858e-04,)] [eta: 14:10:11, time (data): 0.687 (0.003)] l_pix: 6.5856e-02 l_freq: 2.6660e-01 
2026-05-18 18:14:23,752 INFO: [FcaDr..][epoch: 24, iter:  12,300, lr:(7.855e-04,)] [eta: 14:06:07, time (data): 0.683 (0.003)] l_pix: 4.9412e-02 l_freq: 2.3197e-01 
2026-05-18 18:15:33,339 INFO: [FcaDr..][epoch: 24, iter:  12,400, lr:(7.853e-04,)] [eta: 14:02:07, time (data): 0.692 (0.004)] l_pix: 6.8527e-02 l_freq: 2.8459e-01 
2026-05-18 18:16:43,209 INFO: [FcaDr..][epoch: 24, iter:  12,500, lr:(7.850e-04,)] [eta: 13:58:10, time (data): 0.709 (0.004)] l_pix: 1.1445e-01 l_freq: 3.3120e-01 
2026-05-18 18:18:23,066 INFO: [FcaDr..][epoch: 25, iter:  12,600, lr:(7.847e-04,)] [eta: 13:56:12, time (data): 0.919 (0.205)] l_pix: 7.3047e-02 l_freq: 5.9333e-01 
2026-05-18 18:19:31,118 INFO: [FcaDr..][epoch: 25, iter:  12,700, lr:(7.844e-04,)] [eta: 13:52:13, time (data): 0.685 (0.003)] l_pix: 8.7237e-02 l_freq: 2.6025e-01 
2026-05-18 18:20:39,920 INFO: [FcaDr..][epoch: 25, iter:  12,800, lr:(7.841e-04,)] [eta: 13:48:19, time (data): 0.687 (0.004)] l_pix: 6.0704e-02 l_freq: 3.4849e-01 
2026-05-18 18:21:50,260 INFO: [FcaDr..][epoch: 25, iter:  12,900, lr:(7.838e-04,)] [eta: 13:44:34, time (data): 0.700 (0.004)] l_pix: 1.3076e-01 l_freq: 4.6678e-01 
2026-05-18 18:23:00,970 INFO: [FcaDr..][epoch: 25, iter:  13,000, lr:(7.835e-04,)] [eta: 13:40:52, time (data): 0.705 (0.004)] l_pix: 1.2082e-01 l_freq: 5.4915e-01 
2026-05-18 18:24:41,398 INFO: [FcaDr..][epoch: 26, iter:  13,100, lr:(7.832e-04,)] [eta: 13:39:02, time (data): 0.691 (0.003)] l_pix: 7.3146e-02 l_freq: 2.4507e-01 
2026-05-18 18:25:49,784 INFO: [FcaDr..][epoch: 26, iter:  13,200, lr:(7.829e-04,)] [eta: 13:35:15, time (data): 0.686 (0.003)] l_pix: 5.4264e-02 l_freq: 4.9363e-01 
2026-05-18 18:26:59,034 INFO: [FcaDr..][epoch: 26, iter:  13,300, lr:(7.826e-04,)] [eta: 13:31:34, time (data): 0.698 (0.004)] l_pix: 1.0040e-01 l_freq: 5.1540e-01 
2026-05-18 18:28:07,598 INFO: [FcaDr..][epoch: 26, iter:  13,400, lr:(7.823e-04,)] [eta: 13:27:53, time (data): 0.689 (0.004)] l_pix: 1.0508e-01 l_freq: 3.4309e-01 
2026-05-18 18:29:17,722 INFO: [FcaDr..][epoch: 26, iter:  13,500, lr:(7.820e-04,)] [eta: 13:24:20, time (data): 0.715 (0.004)] l_pix: 7.9203e-02 l_freq: 2.8146e-01 
2026-05-18 18:30:57,328 INFO: [FcaDr..][epoch: 27, iter:  13,600, lr:(7.817e-04,)] [eta: 13:22:31, time (data): 0.926 (0.210)] l_pix: 6.5438e-02 l_freq: 3.0900e-01 
2026-05-18 18:32:06,196 INFO: [FcaDr..][epoch: 27, iter:  13,700, lr:(7.814e-04,)] [eta: 13:18:57, time (data): 0.683 (0.003)] l_pix: 7.4314e-02 l_freq: 4.2118e-01 
2026-05-18 18:33:14,913 INFO: [FcaDr..][epoch: 27, iter:  13,800, lr:(7.811e-04,)] [eta: 13:15:24, time (data): 0.686 (0.003)] l_pix: 6.3383e-02 l_freq: 3.2679e-01 
2026-05-18 18:34:24,467 INFO: [FcaDr..][epoch: 27, iter:  13,900, lr:(7.808e-04,)] [eta: 13:11:56, time (data): 0.697 (0.004)] l_pix: 6.9823e-02 l_freq: 3.6573e-01 
2026-05-18 18:35:34,216 INFO: [FcaDr..][epoch: 27, iter:  14,000, lr:(7.804e-04,)] [eta: 13:08:30, time (data): 0.697 (0.004)] l_pix: 4.8616e-02 l_freq: 1.6280e-01 
2026-05-18 18:37:14,419 INFO: [FcaDr..][epoch: 28, iter:  14,100, lr:(7.801e-04,)] [eta: 13:06:48, time (data): 0.694 (0.003)] l_pix: 7.4770e-02 l_freq: 3.7466e-01 
2026-05-18 18:38:23,790 INFO: [FcaDr..][epoch: 28, iter:  14,200, lr:(7.798e-04,)] [eta: 13:03:24, time (data): 0.694 (0.004)] l_pix: 5.4574e-02 l_freq: 5.1392e-01 
2026-05-18 18:39:33,162 INFO: [FcaDr..][epoch: 28, iter:  14,300, lr:(7.794e-04,)] [eta: 13:00:02, time (data): 0.695 (0.004)] l_pix: 4.0485e-02 l_freq: 2.5144e-01 
2026-05-18 18:40:41,337 INFO: [FcaDr..][epoch: 28, iter:  14,400, lr:(7.791e-04,)] [eta: 12:56:38, time (data): 0.685 (0.003)] l_pix: 6.8127e-02 l_freq: 2.9874e-01 
2026-05-18 18:41:51,675 INFO: [FcaDr..][epoch: 28, iter:  14,500, lr:(7.788e-04,)] [eta: 12:53:23, time (data): 0.727 (0.004)] l_pix: 4.6499e-02 l_freq: 7.3847e-01 
2026-05-18 18:43:31,429 INFO: [FcaDr..][epoch: 29, iter:  14,600, lr:(7.784e-04,)] [eta: 12:51:43, time (data): 0.938 (0.221)] l_pix: 1.1653e-01 l_freq: 3.7962e-01 
2026-05-18 18:44:39,741 INFO: [FcaDr..][epoch: 29, iter:  14,700, lr:(7.781e-04,)] [eta: 12:48:24, time (data): 0.698 (0.004)] l_pix: 6.1973e-02 l_freq: 3.2707e-01 
2026-05-18 18:45:48,705 INFO: [FcaDr..][epoch: 29, iter:  14,800, lr:(7.778e-04,)] [eta: 12:45:09, time (data): 0.691 (0.003)] l_pix: 1.0983e-01 l_freq: 1.5945e-01 
2026-05-18 18:46:57,890 INFO: [FcaDr..][epoch: 29, iter:  14,900, lr:(7.774e-04,)] [eta: 12:41:57, time (data): 0.694 (0.004)] l_pix: 4.1683e-02 l_freq: 2.8959e-01 
2026-05-18 18:48:06,867 INFO: [FcaDr..][epoch: 29, iter:  15,000, lr:(7.771e-04,)] [eta: 12:38:45, time (data): 0.691 (0.004)] l_pix: 1.0580e-01 l_freq: 2.1895e-01 
2026-05-18 18:48:06,870 INFO: Saving models and training states.
2026-05-18 18:48:07,139 INFO: Only support single GPU validation.
2026-05-18 19:02:40,304 INFO: Validation General_Image_Valid
	 # psnr: 20.2410	Best: -inf @ -1 iter
	 # ssim: 0.8826	Best: 0.8918 @ 6000 iter

2026-05-18 19:04:39,280 INFO: [FcaDr..][epoch: 30, iter:  15,100, lr:(7.767e-04,)] [eta: 13:22:21, time (data): 0.688 (0.004)] l_pix: 8.2086e-02 l_freq: 2.7447e-01 
2026-05-18 19:05:47,906 INFO: [FcaDr..][epoch: 30, iter:  15,200, lr:(7.764e-04,)] [eta: 13:18:47, time (data): 0.687 (0.003)] l_pix: 5.6824e-02 l_freq: 3.7774e-01 
2026-05-18 19:06:56,522 INFO: [FcaDr..][epoch: 30, iter:  15,300, lr:(7.760e-04,)] [eta: 13:15:15, time (data): 0.685 (0.003)] l_pix: 4.2847e-02 l_freq: 3.9963e-01 
2026-05-18 19:08:06,341 INFO: [FcaDr..][epoch: 30, iter:  15,400, lr:(7.756e-04,)] [eta: 13:11:48, time (data): 0.696 (0.004)] l_pix: 4.0266e-02 l_freq: 3.4659e-01 
2026-05-18 19:09:15,516 INFO: [FcaDr..][epoch: 30, iter:  15,500, lr:(7.753e-04,)] [eta: 13:08:21, time (data): 0.718 (0.004)] l_pix: 6.9120e-02 l_freq: 2.3631e-01 
2026-05-18 19:10:54,842 INFO: [FcaDr..][epoch: 31, iter:  15,600, lr:(7.749e-04,)] [eta: 13:06:24, time (data): 0.942 (0.217)] l_pix: 1.1982e-01 l_freq: 4.4131e-01 
2026-05-18 19:12:03,613 INFO: [FcaDr..][epoch: 31, iter:  15,700, lr:(7.746e-04,)] [eta: 13:02:58, time (data): 0.694 (0.004)] l_pix: 3.0552e-02 l_freq: 3.2178e-01 
2026-05-18 19:13:13,220 INFO: [FcaDr..][epoch: 31, iter:  15,800, lr:(7.742e-04,)] [eta: 12:59:37, time (data): 0.696 (0.004)] l_pix: 9.2307e-02 l_freq: 2.3245e-01 
2026-05-18 19:14:22,409 INFO: [FcaDr..][epoch: 31, iter:  15,900, lr:(7.738e-04,)] [eta: 12:56:16, time (data): 0.682 (0.003)] l_pix: 6.5001e-02 l_freq: 2.2475e-01 
2026-05-18 19:15:33,131 INFO: [FcaDr..][epoch: 31, iter:  16,000, lr:(7.734e-04,)] [eta: 12:53:02, time (data): 0.703 (0.004)] l_pix: 1.2031e-01 l_freq: 3.9495e-01 
2026-05-18 19:17:12,910 INFO: [FcaDr..][epoch: 32, iter:  16,100, lr:(7.731e-04,)] [eta: 12:51:09, time (data): 0.691 (0.004)] l_pix: 1.0447e-01 l_freq: 3.5223e-01 
2026-05-18 19:18:21,812 INFO: [FcaDr..][epoch: 32, iter:  16,200, lr:(7.727e-04,)] [eta: 12:47:52, time (data): 0.689 (0.004)] l_pix: 1.3946e-01 l_freq: 2.3594e-01 
2026-05-18 19:19:31,472 INFO: [FcaDr..][epoch: 32, iter:  16,300, lr:(7.723e-04,)] [eta: 12:44:38, time (data): 0.683 (0.003)] l_pix: 1.1879e-01 l_freq: 3.9551e-01 
2026-05-18 19:20:39,744 INFO: [FcaDr..][epoch: 32, iter:  16,400, lr:(7.719e-04,)] [eta: 12:41:22, time (data): 0.683 (0.003)] l_pix: 1.1168e-01 l_freq: 5.7441e-01 
2026-05-18 19:21:49,534 INFO: [FcaDr..][epoch: 32, iter:  16,500, lr:(7.715e-04,)] [eta: 12:38:11, time (data): 0.746 (0.005)] l_pix: 6.2075e-02 l_freq: 3.3736e-01 
2026-05-18 19:23:30,077 INFO: [FcaDr..][epoch: 33, iter:  16,600, lr:(7.711e-04,)] [eta: 12:36:25, time (data): 0.966 (0.234)] l_pix: 6.3241e-02 l_freq: 3.0354e-01 
2026-05-18 19:24:38,491 INFO: [FcaDr..][epoch: 33, iter:  16,700, lr:(7.708e-04,)] [eta: 12:33:13, time (data): 0.688 (0.003)] l_pix: 6.1850e-02 l_freq: 4.8026e-01 
2026-05-18 19:25:47,432 INFO: [FcaDr..][epoch: 33, iter:  16,800, lr:(7.704e-04,)] [eta: 12:30:04, time (data): 0.689 (0.003)] l_pix: 1.0426e-01 l_freq: 3.1160e-01 
2026-05-18 19:26:57,041 INFO: [FcaDr..][epoch: 33, iter:  16,900, lr:(7.700e-04,)] [eta: 12:26:58, time (data): 0.690 (0.003)] l_pix: 8.6946e-02 l_freq: 2.5843e-01 
2026-05-18 19:28:06,171 INFO: [FcaDr..][epoch: 33, iter:  17,000, lr:(7.696e-04,)] [eta: 12:23:52, time (data): 0.691 (0.004)] l_pix: 5.0344e-02 l_freq: 3.4218e-01 
2026-05-18 19:29:46,856 INFO: [FcaDr..][epoch: 34, iter:  17,100, lr:(7.692e-04,)] [eta: 12:22:09, time (data): 0.695 (0.004)] l_pix: 1.2044e-01 l_freq: 3.3908e-01 
2026-05-18 19:30:56,601 INFO: [FcaDr..][epoch: 34, iter:  17,200, lr:(7.688e-04,)] [eta: 12:19:07, time (data): 0.697 (0.004)] l_pix: 1.0547e-01 l_freq: 1.7992e-01 
2026-05-18 19:32:05,752 INFO: [FcaDr..][epoch: 34, iter:  17,300, lr:(7.683e-04,)] [eta: 12:16:04, time (data): 0.729 (0.004)] l_pix: 5.2607e-02 l_freq: 2.6788e-01 
2026-05-18 19:33:15,237 INFO: [FcaDr..][epoch: 34, iter:  17,400, lr:(7.679e-04,)] [eta: 12:13:04, time (data): 0.699 (0.004)] l_pix: 1.1670e-01 l_freq: 4.5883e-01 
2026-05-18 19:34:25,506 INFO: [FcaDr..][epoch: 34, iter:  17,500, lr:(7.675e-04,)] [eta: 12:10:07, time (data): 0.750 (0.006)] l_pix: 6.1456e-02 l_freq: 2.2449e-01 
2026-05-18 19:36:05,109 INFO: [FcaDr..][epoch: 35, iter:  17,600, lr:(7.671e-04,)] [eta: 12:08:24, time (data): 0.968 (0.246)] l_pix: 9.6053e-02 l_freq: 3.4732e-01 
2026-05-18 19:37:14,037 INFO: [FcaDr..][epoch: 35, iter:  17,700, lr:(7.667e-04,)] [eta: 12:05:25, time (data): 0.690 (0.004)] l_pix: 3.0247e-02 l_freq: 2.6052e-01 
2026-05-18 19:38:23,111 INFO: [FcaDr..][epoch: 35, iter:  17,800, lr:(7.663e-04,)] [eta: 12:02:28, time (data): 0.691 (0.004)] l_pix: 1.0438e-01 l_freq: 3.2276e-01 
2026-05-18 19:39:32,107 INFO: [FcaDr..][epoch: 35, iter:  17,900, lr:(7.659e-04,)] [eta: 11:59:33, time (data): 0.692 (0.004)] l_pix: 1.0400e-01 l_freq: 2.7060e-01 
2026-05-18 19:40:42,126 INFO: [FcaDr..][epoch: 35, iter:  18,000, lr:(7.654e-04,)] [eta: 11:56:40, time (data): 0.699 (0.004)] l_pix: 9.8290e-02 l_freq: 4.4342e-01 
2026-05-18 19:40:42,126 INFO: Only support single GPU validation.
2026-05-18 19:55:17,512 INFO: Validation General_Image_Valid
	 # psnr: 20.3307	Best: -inf @ -1 iter
	 # ssim: 0.8799	Best: 0.8918 @ 6000 iter

2026-05-18 19:57:16,698 INFO: [FcaDr..][epoch: 36, iter:  18,100, lr:(7.650e-04,)] [eta: 12:30:20, time (data): 0.685 (0.004)] l_pix: 1.1046e-01 l_freq: 3.3729e-01 
2026-05-18 19:58:24,811 INFO: [FcaDr..][epoch: 36, iter:  18,200, lr:(7.646e-04,)] [eta: 12:27:09, time (data): 0.682 (0.003)] l_pix: 5.7895e-02 l_freq: 2.9082e-01 
2026-05-18 19:59:33,997 INFO: [FcaDr..][epoch: 36, iter:  18,300, lr:(7.641e-04,)] [eta: 12:24:01, time (data): 0.678 (0.003)] l_pix: 1.3937e-01 l_freq: 3.4447e-01 
2026-05-18 20:00:42,350 INFO: [FcaDr..][epoch: 36, iter:  18,400, lr:(7.637e-04,)] [eta: 12:20:53, time (data): 0.683 (0.004)] l_pix: 5.6357e-02 l_freq: 4.3544e-01 
2026-05-18 20:01:52,536 INFO: [FcaDr..][epoch: 36, iter:  18,500, lr:(7.633e-04,)] [eta: 12:17:50, time (data): 0.859 (0.007)] l_pix: 5.9121e-02 l_freq: 4.2109e-01 
2026-05-18 20:03:32,648 INFO: [FcaDr..][epoch: 37, iter:  18,600, lr:(7.628e-04,)] [eta: 12:15:57, time (data): 0.991 (0.261)] l_pix: 8.5730e-02 l_freq: 3.0601e-01 
2026-05-18 20:04:42,067 INFO: [FcaDr..][epoch: 37, iter:  18,700, lr:(7.624e-04,)] [eta: 12:12:54, time (data): 0.707 (0.004)] l_pix: 1.1815e-01 l_freq: 2.9469e-01 
2026-05-18 20:05:50,627 INFO: [FcaDr..][epoch: 37, iter:  18,800, lr:(7.619e-04,)] [eta: 12:09:50, time (data): 0.687 (0.003)] l_pix: 9.4278e-02 l_freq: 4.1324e-01 
2026-05-18 20:07:00,574 INFO: [FcaDr..][epoch: 37, iter:  18,900, lr:(7.615e-04,)] [eta: 12:06:51, time (data): 0.741 (0.003)] l_pix: 7.9753e-02 l_freq: 6.2254e-01 
2026-05-18 20:08:09,948 INFO: [FcaDr..][epoch: 37, iter:  19,000, lr:(7.610e-04,)] [eta: 12:03:52, time (data): 0.696 (0.004)] l_pix: 7.2368e-02 l_freq: 2.0116e-01 
2026-05-18 20:09:49,916 INFO: [FcaDr..][epoch: 38, iter:  19,100, lr:(7.606e-04,)] [eta: 12:02:01, time (data): 0.681 (0.003)] l_pix: 6.4792e-02 l_freq: 2.4750e-01 
2026-05-18 20:10:59,408 INFO: [FcaDr..][epoch: 38, iter:  19,200, lr:(7.601e-04,)] [eta: 11:59:04, time (data): 0.694 (0.004)] l_pix: 1.1267e-01 l_freq: 3.7371e-01 
2026-05-18 20:12:08,753 INFO: [FcaDr..][epoch: 38, iter:  19,300, lr:(7.597e-04,)] [eta: 11:56:08, time (data): 0.732 (0.004)] l_pix: 9.8417e-02 l_freq: 2.3169e-01 
2026-05-18 20:13:18,276 INFO: [FcaDr..][epoch: 38, iter:  19,400, lr:(7.592e-04,)] [eta: 11:53:13, time (data): 0.697 (0.004)] l_pix: 5.9798e-02 l_freq: 3.4534e-01 
2026-05-18 20:14:28,386 INFO: [FcaDr..][epoch: 38, iter:  19,500, lr:(7.588e-04,)] [eta: 11:50:20, time (data): 0.918 (0.007)] l_pix: 1.0967e-01 l_freq: 3.1965e-01 
2026-05-18 20:16:07,219 INFO: [FcaDr..][epoch: 39, iter:  19,600, lr:(7.583e-04,)] [eta: 11:48:29, time (data): 0.986 (0.274)] l_pix: 7.0433e-02 l_freq: 5.4356e-01 
2026-05-18 20:17:15,746 INFO: [FcaDr..][epoch: 39, iter:  19,700, lr:(7.578e-04,)] [eta: 11:45:35, time (data): 0.682 (0.004)] l_pix: 5.9429e-02 l_freq: 3.9380e-01 
2026-05-18 20:18:25,451 INFO: [FcaDr..][epoch: 39, iter:  19,800, lr:(7.574e-04,)] [eta: 11:42:44, time (data): 0.697 (0.004)] l_pix: 7.6865e-02 l_freq: 2.4031e-01 
2026-05-18 20:19:34,548 INFO: [FcaDr..][epoch: 39, iter:  19,900, lr:(7.569e-04,)] [eta: 11:39:53, time (data): 0.673 (0.004)] l_pix: 9.3368e-02 l_freq: 3.2087e-01 
2026-05-18 20:20:44,208 INFO: [FcaDr..][epoch: 39, iter:  20,000, lr:(7.564e-04,)] [eta: 11:37:04, time (data): 0.696 (0.004)] l_pix: 4.5628e-02 l_freq: 3.5916e-01 
2026-05-18 20:20:44,209 INFO: Saving models and training states.
2026-05-18 20:22:23,507 INFO: [FcaDr..][epoch: 40, iter:  20,100, lr:(7.559e-04,)] [eta: 11:35:17, time (data): 0.843 (0.138)] l_pix: 5.1239e-02 l_freq: 5.3625e-01 
2026-05-18 20:23:31,631 INFO: [FcaDr..][epoch: 40, iter:  20,200, lr:(7.555e-04,)] [eta: 11:32:26, time (data): 0.681 (0.003)] l_pix: 1.3730e-01 l_freq: 2.8045e-01 
2026-05-18 20:24:40,195 INFO: [FcaDr..][epoch: 40, iter:  20,300, lr:(7.550e-04,)] [eta: 11:29:38, time (data): 0.683 (0.003)] l_pix: 7.4108e-02 l_freq: 3.3242e-01 
2026-05-18 20:25:49,311 INFO: [FcaDr..][epoch: 40, iter:  20,400, lr:(7.545e-04,)] [eta: 11:26:51, time (data): 0.691 (0.004)] l_pix: 4.2586e-02 l_freq: 3.1742e-01 
2026-05-18 20:26:59,617 INFO: [FcaDr..][epoch: 40, iter:  20,500, lr:(7.540e-04,)] [eta: 11:24:08, time (data): 0.697 (0.004)] l_pix: 6.5613e-02 l_freq: 6.1290e-01 
2026-05-18 20:28:39,627 INFO: [FcaDr..][epoch: 41, iter:  20,600, lr:(7.535e-04,)] [eta: 11:22:24, time (data): 0.703 (0.004)] l_pix: 5.1340e-02 l_freq: 2.0752e-01 
2026-05-18 20:29:47,793 INFO: [FcaDr..][epoch: 41, iter:  20,700, lr:(7.530e-04,)] [eta: 11:19:38, time (data): 0.692 (0.004)] l_pix: 1.1577e-01 l_freq: 3.0772e-01 
2026-05-18 20:30:56,472 INFO: [FcaDr..][epoch: 41, iter:  20,800, lr:(7.525e-04,)] [eta: 11:16:54, time (data): 0.686 (0.003)] l_pix: 7.0974e-02 l_freq: 4.8915e-01 
2026-05-18 20:32:05,397 INFO: [FcaDr..][epoch: 41, iter:  20,900, lr:(7.520e-04,)] [eta: 11:14:12, time (data): 0.688 (0.003)] l_pix: 7.7200e-02 l_freq: 5.5798e-01 
2026-05-18 20:33:16,019 INFO: [FcaDr..][epoch: 41, iter:  21,000, lr:(7.515e-04,)] [eta: 11:11:33, time (data): 0.706 (0.004)] l_pix: 6.0545e-02 l_freq: 5.5933e-01 
2026-05-18 20:33:16,020 INFO: Only support single GPU validation.
